DAY.OF.MONTH,DAY.OF.WEEK,CARRIER,ORIGIN,DEST,DEP.DELAY,ARR.DELAY,DISTANCE
4,5,WN,SEA,MDW,0,-21,1733
18,5,YX,DTW,EWR,0,-22,488
31,4,DL,ATL,SYR,0,-8,794
2,3,NK,MCO,BWI,0,-10,787
4,5,WN,SAN,MDW,0,-6,1728
5,6,AA,CLT,SFO,4,-21,2296
13,7,MQ,MIA,PNS,1,-20,530
9,3,OH,MYR,CLT,0,-18,157
9,3,AA,PHX,CMH,0,0,1670
15,2,WN,PHX,LAX,6,-9,370
18,5,AA,BDL,ORD,0,-8,783
25,5,F9,CLE,MCO,574,551,895
17,4,YV,ELP,PHX,0,-11,347
6,7,OH,XNA,CLT,0,-10,754
7,1,WN,ATL,CMH,0,-7,447
4,5,WN,MCI,BOS,0,-14,1256
18,5,YV,JAX,DFW,0,-23,918
9,3,YV,IAD,IND,0,49,476
21,1,B6,DCA,BDL,0,-11,313
2,3,NK,PDX,LAS,0,-10,763
21,1,WN,PDX,ONT,0,-21,838
19,6,WN,SAN,DEN,0,-26,853
18,5,UA,EWR,SFO,2,-17,2565
25,5,DL,SLC,ORD,0,26,1250
26,6,AS,SEA,ANC,4,-11,1448
7,1,UA,ORD,LGA,0,0,733
6,7,DL,ATL,JFK,2,-23,760
19,6,WN,MCO,BWI,0,-20,787
18,5,AS,ORD,SEA,0,0,1721
30,3,WN,HOU,SAT,7,-2,192
28,1,G4,SJU,SFB,6,-2,1198
25,5,AA,CLT,SAV,0,-1,213
28,1,AA,MIA,ORD,1,-30,1197
25,5,WN,SJC,SNA,0,10,342
13,7,AS,SEA,SNA,0,-13,978
11,5,DL,LAX,TPA,0,-6,2158
23,3,WN,DEN,LAS,0,-7,628
4,5,9E,BWI,JFK,0,-25,184
21,1,9E,PIT,JFK,11,13,340
15,2,AA,LGA,BOS,0,-14,184
4,5,DL,ATL,BHM,0,-10,134
9,3,OO,MSP,PHL,0,7,980
2,3,WN,MCI,MDW,41,35,405
16,3,OO,BOI,SEA,0,-12,399
9,3,YX,BOS,CMH,0,-12,640
7,1,AA,MFE,DFW,0,5,469
16,3,OO,SEA,MSO,0,-4,389
27,7,OO,BIS,MSP,0,-10,386
11,5,B6,LGB,AUS,5,32,1226
25,5,OH,CLT,TLH,0,5,386
5,6,NK,PHL,MYR,0,-13,473
1,2,WN,LAS,RNO,0,-10,345
31,4,DL,DTW,MSN,0,-12,311
23,3,YV,IAH,HRL,9,15,295
14,1,MQ,CMH,MIA,19,22,990
2,3,OH,TYS,CLT,2,-7,177
6,7,AS,OAK,SEA,0,-6,672
9,3,OO,SLC,IDA,0,-14,188
18,5,YX,EWR,STL,0,-36,872
27,7,OO,ONT,SFO,0,-15,363
7,1,EV,CLT,CHA,146,172,241
26,6,YV,GPT,DFW,0,-12,500
31,4,UA,DFW,IAH,0,-17,224
23,3,DL,SEA,MSP,21,27,1399
1,2,WN,DAL,ATL,43,29,721
13,7,WN,DEN,BOS,0,-11,1754
6,7,WN,MCI,SAT,0,-21,706
8,2,F9,DEN,SNA,54,43,846
17,4,YV,IAD,IND,17,4,476
5,6,AA,PHL,PVD,0,-21,237
25,5,EV,STL,IAH,0,-19,667
13,7,AA,CLT,MEM,0,-9,511
1,2,F9,DEN,DTW,0,-7,1123
21,1,9E,JFK,CMH,NA,14,483
6,7,DL,MCI,ATL,0,-14,692
17,4,AS,LAX,PDX,0,-9,834
11,5,AA,JFK,LAX,0,-60,2475
7,1,WN,MCI,STL,0,-9,237
6,7,YX,ORD,PIT,0,-8,413
5,6,AA,PHX,DFW,3,2,868
19,6,DL,LAX,BOS,6,11,2611
29,2,UA,BNA,DEN,65,93,1014
25,5,F9,DCA,DEN,0,-30,1476
1,2,DL,SEA,LAX,6,-13,954
4,5,MQ,DFW,ROW,0,-3,435
18,5,WN,BWI,BOS,3,-7,369
15,2,WN,BWI,MCO,0,-1,787
1,2,DL,SEA,ANC,0,3,1448
8,2,OO,MSP,MDW,0,-11,349
30,3,NK,ATL,MSY,0,19,425
16,3,HA,OGG,KOA,0,-3,84
10,4,YV,IAH,OKC,32,14,395
19,6,WN,BNA,FLL,0,13,793
20,7,UA,SFO,SBA,18,12,262
13,7,AS,ANC,JNU,0,11,571
31,4,WN,SAT,LAS,37,27,1069
2,3,DL,MSP,LAX,0,-8,1535
17,4,YX,DSM,PHL,0,-4,972
20,7,OO,CVG,DTW,0,-14,229
17,4,AS,SNA,SEA,0,-17,978
27,7,9E,PBI,JFK,58,33,1028
29,2,AS,LAX,ANC,1,0,2345
18,5,WN,STL,DAL,6,-1,546
7,1,YX,ORD,OKC,29,0,693
24,4,DL,MSY,ATL,0,31,425
5,6,DL,LAX,LAS,0,-21,236
31,4,WN,BWI,IND,164,156,516
22,2,AA,DFW,DCA,111,153,1192
14,1,UA,DFW,IAH,34,17,224
31,4,OH,ROC,DCA,0,-33,296
30,3,WN,BOS,MKE,0,-20,860
21,1,WN,DAL,SAT,1,-13,248
12,6,NK,PHL,LAX,0,-21,2402
13,7,OH,CLT,PHF,0,-1,282
24,4,AA,MSY,ORD,0,-8,837
25,5,AS,JNU,PSG,0,8,123
14,1,9E,DTW,HPN,0,-17,505
13,7,DL,DTW,MSP,0,6,528
20,7,WN,BNA,FLL,0,4,793
9,3,AS,SEA,SAN,0,4,1050
22,2,WN,DAL,MDW,0,3,793
21,1,DL,STL,SLC,42,24,1156
20,7,AS,SEA,LIH,3,-5,2701
25,5,DL,SFO,DTW,0,-6,2079
16,3,9E,JFK,ORF,0,-5,290
21,1,WN,PHX,PHL,8,2,2075
21,1,OO,CVG,MKE,87,86,318
19,6,OH,DCA,BDL,60,55,313
6,7,WN,GEG,BOI,0,-7,287
6,7,MQ,ORD,FNT,0,-10,223
10,4,OO,OMA,MSP,0,-11,282
16,3,OO,LAX,FAT,0,-8,209
8,2,WN,BOI,DEN,0,-6,649
2,3,MQ,DSM,ORD,776,773,299
6,7,WN,BWI,MDW,0,-14,611
14,1,MQ,ORD,BUF,77,79,474
2,3,AS,SEA,SFO,0,-25,679
29,2,OO,CID,ORD,0,-5,196
18,5,DL,MSY,ATL,67,63,425
23,3,WN,ATL,MDW,12,0,591
31,4,UA,LAX,CLE,0,-11,2052
9,3,OO,OKC,DEN,0,6,495
17,4,MQ,DFW,LEX,36,22,785
11,5,F9,DTW,DEN,0,-9,1123
8,2,WN,MCI,SAN,5,-4,1334
24,4,YV,DFW,LBB,0,-16,282
14,1,F9,SEA,DEN,0,-13,1024
13,7,UA,EWR,MYR,0,-22,550
31,4,YV,ONT,PHX,0,-15,325
14,1,MQ,BOI,ORD,63,87,1437
22,2,9E,ATL,EVV,0,9,350
31,4,WN,MCO,BHM,9,4,479
4,5,AA,ORD,DFW,0,16,802
22,2,AA,CLT,DCA,16,27,331
23,3,YX,BNA,LGA,NA,NA,764
6,7,DL,LAX,BOS,0,-26,2611
3,4,UA,LAX,HNL,0,-6,2556
7,1,WN,LAS,CLE,0,2,1824
6,7,NK,TPA,ACY,55,36,913
25,5,WN,SJC,LAS,0,-7,386
29,2,YX,DCA,MEM,11,-12,762
21,1,EV,IAH,VPS,28,37,528
26,6,OH,PHF,CLT,0,-7,282
25,5,UA,MCO,IAD,0,-8,758
22,2,MQ,PHL,JFK,0,6,94
29,2,DL,DAB,ATL,0,-11,366
30,3,AA,STX,MIA,0,-27,1139
4,5,DL,MSY,ATL,0,-7,425
19,6,UA,MCI,DEN,26,-2,533
23,3,WN,STL,LGA,2,-3,888
20,7,WN,MDW,HOU,5,-2,937
12,6,AA,DFW,MCI,0,-3,460
4,5,DL,MHT,ATL,0,-14,952
31,4,B6,BOS,LGA,35,39,184
2,3,UA,SFO,ORD,0,-9,1846
15,2,DL,PHL,DTW,0,-11,453
1,2,YX,EWR,JAX,0,-33,820
17,4,OO,DTW,SWF,0,-9,479
25,5,AA,DCA,BOS,0,-21,399
8,2,OH,CLT,ORF,58,59,290
16,3,OO,DAY,DTW,0,-6,166
28,1,AS,PDX,DCA,0,-8,2350
11,5,DL,RDU,LAX,0,-6,2239
24,4,AS,LAS,LAX,4,12,236
2,3,DL,CLE,ATL,0,-10,554
29,2,MQ,DCA,LIT,16,4,888
22,2,WN,ELP,DAL,0,10,562
15,2,DL,BOS,DTW,2,22,632
16,3,MQ,DFW,AEX,0,-3,285
10,4,WN,MDW,RSW,55,43,1105
22,2,HA,HNL,ITO,0,-2,216
20,7,OO,LSE,ORD,0,-7,215
7,1,OO,DTW,PHL,0,7,453
31,4,WN,SFO,SAN,NA,NA,447
26,6,DL,DTW,LGA,0,-27,502
18,5,B6,FLL,LAS,0,-22,2173
10,4,OO,ORD,LIT,0,-16,552
19,6,DL,LAX,KOA,0,-10,2504
10,4,WN,SJC,SAN,7,-1,417
2,3,DL,JFK,CHS,0,-20,636
19,6,EV,CLE,IAH,0,-29,1091
19,6,DL,ATL,FLL,1,-1,581
18,5,OO,ORD,PAH,0,14,342
26,6,AS,SAN,EWR,0,-18,2425
15,2,YV,DFW,VPS,0,5,641
11,5,WN,SAT,DAL,9,5,248
7,1,AA,BWI,CLT,0,-14,361
17,4,YX,PHL,CMH,22,33,406
2,3,9E,ATL,CHA,7,2,106
17,4,DL,LAX,JFK,0,-6,2475
9,3,DL,BWI,ATL,0,-13,577
31,4,OO,MSP,BOI,0,-15,1142
3,4,DL,ATL,SLC,4,-7,1590
6,7,YV,CLT,IAD,0,-27,322
17,4,OH,HSV,CLT,0,-7,333
13,7,B6,LAS,JFK,0,-14,2248
21,1,OH,CRW,CLT,0,0,221
12,6,AA,IAH,DFW,0,-7,224
23,3,MQ,DFW,PNS,0,-4,604
1,2,OH,ORF,CLT,0,-9,290
9,3,YX,ELP,IAH,0,7,667
14,1,AA,ABQ,DFW,0,-8,569
28,1,DL,ATL,GSO,0,-10,306
5,6,AA,ORD,AUS,0,4,977
11,5,B6,JFK,LAX,0,-3,2475
16,3,OO,SYR,ORD,1,-9,607
15,2,AS,SJC,SEA,0,-27,696
6,7,WN,HOU,OAK,0,-9,1642
13,7,YX,LGA,SDF,10,18,659
30,3,DL,LAX,JFK,0,-6,2475
18,5,OH,CLT,CAE,7,-4,88
7,1,DL,GSO,ATL,0,-8,306
22,2,WN,JAX,BNA,16,8,483
10,4,UA,SFO,PHL,0,1,2521
14,1,YX,PHL,ROC,0,10,257
16,3,WN,SLC,LAS,32,33,368
14,1,WN,DAL,STL,0,-4,546
16,3,OH,CLT,TYS,201,246,177
25,5,OO,BOI,MSP,4,11,1142
31,4,WN,DEN,FLL,8,11,1703
26,6,AA,LAX,PHX,31,24,370
3,4,F9,IAH,RDU,0,9,1042
12,6,AA,JFK,CLT,15,6,541
30,3,NK,MSP,BWI,0,-6,936
20,7,WN,ATL,MCO,269,262,404
13,7,UA,DFW,IAH,0,-17,224
28,1,AA,CLT,MEM,0,-16,511
9,3,AA,PHX,MKE,187,190,1460
28,1,UA,DEN,ORD,0,-1,888
4,5,WN,TPA,ROC,1,-3,1079
8,2,OH,CLT,JAN,0,-14,562
8,2,UA,IAD,SFO,0,-16,2419
2,3,OO,SFO,SMF,0,-8,86
17,4,DL,CLT,ATL,0,3,226
14,1,UA,ORD,LAX,116,113,1744
28,1,AS,MCI,SEA,9,-1,1489
16,3,DL,MSP,MEM,24,14,700
23,3,YX,MSP,MIA,134,126,1501
7,1,DL,JAC,SLC,0,-19,205
18,5,OO,PHX,SBP,0,-3,509
13,7,AA,DFW,MSP,4,20,852
29,2,OO,HLN,SLC,0,-16,402
12,6,WN,BWI,MSY,0,-16,998
26,6,WN,MSP,STL,0,-16,448
10,4,AA,DFW,SNA,0,-22,1205
23,3,WN,HOU,ABQ,23,5,759
16,3,B6,EWR,FLL,0,8,1065
9,3,WN,BWI,BNA,0,-11,587
9,3,DL,MSP,FLL,0,3,1487
17,4,DL,DTW,LGA,0,15,502
20,7,9E,MEM,LGA,0,-8,963
29,2,OO,SYR,DTW,0,-8,374
26,6,9E,RIC,JFK,0,7,288
4,5,NK,PDX,LAS,0,-2,763
2,3,WN,PHX,PDX,0,-12,1009
17,4,AA,CLT,EWR,10,16,529
7,1,OO,FWA,ATL,0,-13,508
9,3,OH,DCA,HPN,0,-7,234
5,6,MQ,DFW,ACT,0,-5,89
26,6,NK,PHX,DFW,0,-11,868
7,1,OO,SFO,SMF,0,-16,86
31,4,YX,DEN,MCI,0,-18,533
27,7,WN,DEN,RDU,5,-1,1436
10,4,DL,DTW,MSN,9,9,311
8,2,WN,BNA,ECP,0,-7,401
16,3,NK,ORD,MCO,0,-4,1005
19,6,WN,PHX,CMH,0,-3,1670
30,3,YV,ICT,DFW,35,28,328
3,4,UA,SFO,BOS,0,-14,2704
7,1,EV,CMH,IAH,0,-48,986
21,1,WN,HOU,PDX,9,-13,1843
13,7,MQ,OKC,ORD,37,41,693
28,1,F9,CVG,LGA,70,51,585
30,3,WN,PHX,ABQ,39,28,328
18,5,DL,JFK,TPA,0,-7,1005
10,4,OH,LGA,PIT,0,-12,335
13,7,UA,MIA,IAH,0,-9,964
2,3,UA,ORD,PIT,NA,NA,413
30,3,DL,ATL,LGA,13,-3,762
1,2,AA,DFW,RIC,39,49,1158
16,3,OO,ELP,DEN,0,-18,563
4,5,NK,LAX,IAH,103,77,1379
26,6,DL,SFO,LAX,0,-33,337
28,1,DL,LAS,SEA,0,5,867
21,1,WN,DEN,TUS,0,-7,639
31,4,WN,MKE,LAX,4,-5,1756
4,5,AS,SAN,SFO,11,12,447
24,4,EV,EWR,CMH,0,-12,463
10,4,OH,CLT,CAK,0,-6,394
4,5,AA,DFW,IAH,0,-13,224
18,5,AS,BOI,SEA,0,-9,399
16,3,OH,GSP,CLT,103,NA,75
28,1,EV,JLN,DFW,0,-22,327
9,3,DL,SLC,GEG,14,2,546
22,2,DL,SLC,DEN,47,32,391
16,3,OO,CID,DTW,0,-12,430
21,1,UA,SLC,ORD,64,51,1250
1,2,AA,LGA,PHL,0,25,96
15,2,MQ,CHO,LGA,NA,NA,305
3,4,B6,BOS,SFO,17,20,2704
1,2,OO,SFO,GEG,0,8,733
21,1,DL,ATL,ORF,32,17,516
28,1,9E,LGA,BHM,0,-36,866
6,7,DL,ATL,ORF,0,-14,516
13,7,AA,DFW,MSY,0,-13,447
16,3,AA,CLT,BNA,28,25,328
29,2,WN,TUS,LAS,0,-4,364
2,3,WN,DEN,LGA,16,9,1620
10,4,UA,PHL,ORD,0,-14,678
3,4,AA,LAX,HNL,4,11,2556
26,6,UA,IAH,LAS,42,26,1222
9,3,OO,MSP,MDW,0,-5,349
19,6,OH,PNS,CLT,0,-8,488
23,3,WN,OMA,PHX,0,-18,1037
28,1,WN,MDW,CVG,0,-12,249
6,7,DL,MSP,BOS,18,8,1124
1,2,B6,TPA,JFK,0,-15,1005
21,1,NK,RIC,MCO,0,-22,667
8,2,AA,LGA,DFW,0,-39,1389
18,5,WN,STL,DEN,16,24,770
28,1,9E,ATL,SHV,NA,20,551
31,4,9E,CVG,PHL,29,31,507
11,5,F9,MKE,MCO,0,-15,1066
5,6,WN,RDU,BNA,0,-2,442
23,3,WN,SFO,DEN,25,16,967
10,4,WN,MDW,OAK,5,-5,1844
20,7,AA,JAX,CLT,0,-15,328
10,4,AA,MIA,LGA,94,89,1096
23,3,NK,IAH,TPA,4,2,787
25,5,AS,SFO,DEN,0,-10,967
6,7,AA,SFO,DFW,0,-27,1464
15,2,OH,CVG,DCA,NA,NA,411
11,5,WN,DAL,MAF,0,-21,319
31,4,WN,BWI,BNA,0,-9,587
12,6,WN,BUR,PHX,23,15,369
19,6,F9,DEN,SFO,0,-10,967
17,4,AA,LAX,ATL,1,-20,1947
22,2,WN,TPA,MSY,105,98,488
7,1,MQ,ORD,JAX,0,-8,864
29,2,YV,AUS,IAD,0,-5,1297
2,3,DL,SRQ,ATL,0,-2,444
14,1,OO,CMX,ORD,2,22,360
30,3,YV,ABQ,IAH,0,-23,744
3,4,9E,CSG,ATL,0,-7,83
13,7,AS,SNA,SEA,0,-25,978
16,3,WN,DEN,MCI,0,-5,533
21,1,DL,ATL,LGA,0,-16,762
1,2,YX,STL,MIA,0,-22,1068
23,3,AA,CLT,LGA,0,-11,544
3,4,WN,BUR,SMF,4,3,358
16,3,B6,JFK,LAS,0,-25,2248
30,3,OO,SNA,LAS,0,-5,226
2,3,9E,CVG,AUS,0,-11,958
16,3,NK,LAS,MSP,83,69,1299
26,6,AS,ANC,ADQ,11,8,253
11,5,OO,FSD,MSP,0,-8,196
6,7,AS,SEA,FAI,0,-7,1533
18,5,DL,ATL,MDW,13,-10,591
11,5,OH,LGA,CAK,0,2,397
23,3,WN,HOU,ATL,0,-3,696
14,1,WN,MCO,DEN,0,-19,1546
17,4,AA,BOS,LGA,29,6,184
9,3,AA,ORD,MCO,322,320,1005
24,4,OO,ORD,MBS,38,26,222
19,6,AA,SJU,CLT,0,-29,1475
3,4,AA,LGA,BOS,0,12,184
5,6,NK,PHL,LAX,0,-11,2402
23,3,AS,LAX,SFO,NA,NA,337
11,5,DL,ATL,BOS,2,4,946
3,4,9E,ATL,HPN,0,-6,780
24,4,UA,EWR,JAX,0,-11,820
18,5,WN,LAS,PDX,0,-9,763
31,4,DL,SFO,JFK,8,32,2586
3,4,DL,CVG,MSP,4,-14,596
16,3,DL,ECP,ATL,1,5,240
8,2,WN,MCO,BWI,20,9,787
2,3,B6,BWI,BOS,0,-14,369
12,6,AA,MIA,DCA,6,-8,919
19,6,NK,ACY,FLL,0,7,977
23,3,DL,JFK,SEA,0,-9,2422
8,2,OO,MDW,DTW,0,-16,228
4,5,WN,MDW,PHL,0,-16,668
27,7,NK,EWR,FLL,63,70,1065
27,7,AS,SEA,OAK,0,-2,672
13,7,EV,IAH,MLU,0,-22,262
17,4,WN,HOU,PHX,1,5,1020
31,4,HA,KOA,HNL,0,-11,163
15,2,UA,EWR,BOS,NA,NA,200
9,3,YV,PHX,BUR,9,14,369
13,7,UA,SFO,RDU,1,58,2400
29,2,AA,CLT,STL,44,47,575
3,4,AA,DFW,SAN,43,37,1171
28,1,DL,DEN,SEA,134,124,1024
10,4,UA,DEN,SFO,0,-9,967
21,1,UA,CHS,ORD,71,92,760
25,5,WN,LAS,FLL,16,1,2173
9,3,YX,RDU,EWR,0,-11,416
25,5,WN,MDW,MSP,0,-1,349
28,1,UA,IAH,MSY,0,-18,305
11,5,OO,PDX,STL,0,1,1708
21,1,WN,TPA,BDL,8,-1,1111
12,6,UA,LAX,OGG,0,-11,2486
27,7,OH,DCA,TYS,1,1,437
13,7,AA,DFW,FLL,0,-14,1119
18,5,DL,DSM,ATL,10,21,743
3,4,OH,CAE,DCA,15,17,408
26,6,WN,MDW,ALB,0,-8,717
16,3,UA,ORD,PHL,120,107,678
6,7,G4,IND,PIE,0,7,840
2,3,DL,GEG,MSP,0,-13,1175
10,4,WN,LAS,ELP,1,-1,583
28,1,WN,LAS,IND,0,-9,1590
12,6,NK,ORD,DEN,2,2,888
7,1,MQ,DFW,LCH,0,-14,295
14,1,AA,MSP,PHX,1,10,1276
16,3,YX,SDF,DCA,0,-6,474
12,6,MQ,ORD,GRR,0,-9,137
25,5,AA,MIA,ORD,0,-28,1197
21,1,WN,STL,MDW,31,19,251
9,3,9E,MSP,EWR,0,-4,1008
30,3,OO,MKE,DTW,29,13,237
21,1,WN,SMF,SAN,43,47,480
24,4,9E,ATW,ATL,0,-6,765
2,3,WN,DAL,STL,0,-12,546
14,1,9E,LGA,PIT,91,73,335
12,6,DL,JFK,SLC,11,28,1990
19,6,OO,DSM,ORD,0,-11,299
18,5,WN,PHX,SNA,22,11,338
3,4,MQ,CHO,CLT,35,16,245
6,7,AA,LAX,PHL,205,184,2402
17,4,DL,EWR,ATL,0,4,746
8,2,WN,DEN,MDW,5,-3,895
31,4,AA,CLT,ALB,0,9,646
27,7,OH,CLT,MDT,0,-16,413
19,6,WN,DEN,CHS,0,NA,1449
10,4,F9,TTN,MSP,0,-13,989
1,2,UA,LAX,BWI,0,-20,2329
31,4,WN,SNA,OAK,21,21,371
8,2,MQ,GCK,DFW,0,-21,404
31,4,WN,PHX,MDW,1,-4,1444
7,1,AA,PBI,CLT,0,-20,590
10,4,YX,DCA,ORD,0,-14,612
26,6,UA,IAH,DEN,0,-13,862
4,5,YV,LBB,PHX,0,1,588
3,4,DL,LAX,MSP,0,-25,1535
26,6,YX,IND,ORD,0,-19,177
4,5,DL,ATL,ORD,0,-14,606
17,4,OO,ORD,LGA,232,233,733
22,2,OO,ORD,DCA,0,38,612
17,4,WN,LAS,DEN,1,-18,628
28,1,DL,SEA,MSP,3,43,1399
27,7,F9,DEN,LGA,0,16,1620
20,7,AA,MIA,BWI,0,-10,946
16,3,B6,MCO,HPN,78,73,972
2,3,OO,ICT,ORD,0,-19,588
27,7,AA,MIA,DFW,0,-18,1121
6,7,YX,ORF,EWR,0,-7,284
5,6,DL,ATL,RDU,0,-8,356
13,7,AA,DFW,DCA,0,4,1192
22,2,OO,SLC,LAX,17,2,590
29,2,WN,DEN,MCO,2,40,1546
8,2,WN,MDW,PIT,0,-7,402
5,6,OO,SAN,SJC,0,-9,417
24,4,DL,ATL,HOU,3,1,696
13,7,OO,ORD,DLH,0,-6,397
24,4,DL,SLC,MSP,0,-8,991
4,5,AA,ORD,LAS,62,46,1514
1,2,UA,IAH,PDX,0,-20,1825
15,2,F9,MCO,RDU,0,-14,534
17,4,UA,FLL,EWR,42,35,1065
4,5,YV,IAD,RDU,0,-5,224
28,1,DL,ATL,MIA,4,25,594
23,3,YV,CRP,DFW,0,2,354
29,2,G4,ABE,PIE,12,5,970
25,5,OO,BUR,SFO,167,173,326
19,6,UA,DEN,LAX,0,-17,862
1,2,WN,DAL,HOU,0,-3,239
21,1,UA,EWR,SAN,0,-7,2425
12,6,DL,ATL,SAT,0,-13,874
22,2,OO,ALB,DTW,6,6,489
24,4,DL,ORD,SLC,0,-25,1250
14,1,AA,DEN,CLT,2,8,1337
3,4,OO,LAX,SLC,0,-18,590
11,5,9E,LGA,GSO,0,-14,461
24,4,YX,DFW,DTW,0,-11,986
12,6,UA,DEN,BWI,0,-4,1491
11,5,DL,MSY,ATL,34,54,425
2,3,WN,SJC,BUR,0,-12,296
1,2,WN,LAS,BWI,49,64,2106
2,3,DL,MSP,SLC,0,-4,991
15,2,AA,LAX,MCO,0,13,2218
14,1,YX,DCA,LGA,0,-19,214
19,6,G4,PGD,CVG,0,-19,850
6,7,WN,HOU,LAX,1,-17,1390
17,4,AS,SFO,JFK,63,73,2586
14,1,UA,LAS,SFO,5,-5,414
19,6,EV,GRR,IAH,0,-16,1042
5,6,MQ,CMH,MIA,0,-1,990
30,3,DL,ATL,JAX,0,-14,270
13,7,WN,SAT,ATL,3,-4,874
22,2,9E,LGA,MSY,0,-42,1183
22,2,HA,LIH,HNL,0,-13,102
22,2,OO,FAT,LAX,0,4,209
16,3,AA,LAX,DFW,0,-22,1235
19,6,AA,TPA,CLT,1,-6,507
13,7,OO,MSP,DSM,0,-20,232
11,5,DL,MSP,ABQ,1,-7,981
8,2,NK,ORD,PDX,0,NA,1739
3,4,9E,ATL,MOB,0,-15,302
19,6,OO,MSN,MSP,0,2,228
4,5,NK,FLL,SEA,0,-8,2717
3,4,OO,MKE,DTW,1,0,237
25,5,YX,ORF,EWR,24,25,284
25,5,AS,SFO,PDX,45,50,550
6,7,UA,EWR,MYR,0,-13,550
3,4,AA,CLE,PHL,0,3,363
15,2,AA,LGA,CLT,NA,NA,544
16,3,AA,ORD,SMF,14,12,1781
29,2,AS,STL,SEA,19,40,1709
14,1,DL,SLC,OAK,12,2,588
5,6,MQ,HTS,CLT,152,146,235
31,4,B6,EWR,BOS,0,-42,200
6,7,AS,DEN,SEA,17,15,1024
5,6,YX,PIT,MIA,0,-14,1013
8,2,AA,CLT,PIT,0,-8,366
31,4,WN,LBB,DAL,72,68,293
15,2,WN,ORF,BWI,11,2,159
21,1,AA,LGA,BOS,0,-32,184
13,7,OO,SFO,RNO,0,1,192
3,4,G4,PIA,PIE,0,-8,965
2,3,OO,SLN,ORD,121,NA,559
18,5,AS,SAN,SFO,57,60,447
23,3,UA,ORD,DCA,0,-11,612
8,2,EV,EWR,SYR,7,-13,195
16,3,UA,DFW,ORD,0,-16,802
18,5,AA,TUL,DFW,0,-7,237
30,3,DL,BDL,DTW,15,-4,549
21,1,AA,CVG,DFW,0,-3,812
2,3,AA,DFW,LGA,14,-5,1389
19,6,UA,ORD,TPA,0,-6,1012
18,5,9E,SDF,LGA,14,19,659
20,7,WN,DEN,SAN,0,-7,853
1,2,OO,ORD,BZN,0,-14,1185
6,7,B6,MCO,SJU,5,25,1189
16,3,OH,CLT,GSP,67,67,75
22,2,WN,GRR,BWI,69,67,528
4,5,OO,MCI,SLC,0,-17,920
30,3,WN,MSY,TPA,0,0,488
9,3,WN,MDW,PHX,0,-11,1444
20,7,WN,ATL,LAX,67,44,1947
10,4,OO,HYS,SLN,0,-10,88
31,4,AS,SEA,SLC,0,-9,689
9,3,B6,BOS,ATL,3,5,946
1,2,OO,LAN,MSP,0,-16,455
18,5,B6,LGB,SFO,220,217,354
2,3,YX,AUS,EWR,0,14,1504
22,2,YX,DCA,EWR,NA,NA,199
9,3,WN,MDW,MCI,NA,NA,405
4,5,DL,ATL,DCA,0,-4,547
20,7,9E,MSP,DSM,0,-8,232
18,5,AA,PIT,CLT,0,-6,366
2,3,HA,LIH,HNL,0,1,102
3,4,OO,ATL,BTR,0,-11,448
11,5,WN,DAL,MSY,15,7,436
3,4,DL,JAX,ATL,0,-12,270
16,3,AS,LAS,LAX,62,39,236
20,7,UA,EWR,MCO,0,-13,937
11,5,F9,CVG,PHL,32,19,507
27,7,WN,BNA,SAN,0,-17,1751
24,4,OO,IAD,DTW,0,-12,383
7,1,YX,STL,LGA,0,-5,888
3,4,AA,DSM,DFW,112,123,624
1,2,OH,CLT,MOB,0,-7,526
4,5,OO,PHX,LAX,0,8,370
14,1,UA,ORD,SFO,52,62,1846
11,5,DL,DTW,BDL,0,-17,549
8,2,YX,PHL,PIT,0,-8,268
21,1,MQ,MAF,DFW,NA,NA,309
4,5,MQ,ORD,GRR,0,0,137
14,1,WN,IND,RSW,0,-5,945
29,2,YX,MIA,IAH,28,39,964
21,1,OO,ORD,STL,57,62,258
11,5,YV,DFW,HSV,0,-12,603
12,6,AA,PHX,KOA,0,-24,2860
28,1,HA,HNL,LIH,0,-12,102
17,4,OO,AUS,LAX,0,-18,1242
23,3,OO,SLC,RAP,9,6,508
9,3,WN,BNA,FLL,32,19,793
3,4,AA,PHL,LAX,57,32,2402
5,6,UA,ORD,SFO,0,-28,1846
1,2,AA,MIA,ATL,0,-16,594
10,4,WN,MCO,FLL,0,-11,177
1,2,DL,ORD,ATL,48,29,606
14,1,UA,AUS,DEN,0,5,775
25,5,UA,IAD,LAX,0,-19,2288
27,7,NK,MCO,ORD,0,-12,1005
28,1,F9,CLE,TPA,0,-11,927
8,2,AA,ORD,DEN,0,-11,888
31,4,AA,DCA,BOS,0,120,399
7,1,9E,SYR,JFK,0,-18,209
22,2,AA,LAX,DFW,2,18,1235
3,4,UA,PHX,EWR,3,-14,2133
1,2,AS,SLC,SEA,0,-7,689
21,1,WN,DAL,SJC,40,20,1450
16,3,OH,CAK,PHL,95,100,335
28,1,DL,MSP,DTW,0,-18,528
24,4,AA,PHX,DFW,0,-10,868
13,7,WN,PHX,SJC,1,-5,621
2,3,NK,STT,FLL,32,15,1107
6,7,DL,DTW,RDU,0,-15,501
1,2,G4,PIE,TYS,0,-9,550
31,4,AA,BOS,LGA,0,-4,184
15,2,OO,LAX,SLC,209,220,590
21,1,OO,LAX,RNO,0,-21,391
16,3,NK,DTW,DFW,0,-19,986
3,4,B6,MCO,BOS,77,66,1121
8,2,9E,JFK,CLE,0,-38,425
2,3,DL,BDL,ATL,0,-29,859
8,2,UA,SJC,EWR,0,-20,2548
18,5,AS,ANC,JNU,0,0,571
30,3,WN,TPA,HOU,14,-5,781
10,4,AA,LGA,BOS,0,-19,184
25,5,AS,IND,SFO,55,41,1943
27,7,YV,ATL,IAD,54,53,534
27,7,AA,DFW,MCI,2,-11,460
24,4,MQ,FSM,DFW,0,-13,227
31,4,NK,SEA,LAS,1,-10,867
22,2,DL,SJC,ATL,3,1,2116
7,1,WN,PHX,HOU,0,-6,1020
19,6,AA,DFW,ATL,197,192,731
2,3,B6,BOS,SAV,40,48,901
11,5,WN,AUS,DEN,1,-13,775
21,1,DL,ATL,EWR,1,-13,746
27,7,B6,JAX,BOS,0,-11,1010
29,2,B6,BOS,CLE,0,-15,563
6,7,MQ,DFW,LIT,0,-13,304
21,1,MQ,MIA,TLH,1,-1,402
12,6,AS,SMF,SEA,0,0,605
28,1,DL,MIA,DTW,0,-33,1145
5,6,UA,TPA,SFO,0,13,2393
9,3,OH,DCA,CRW,0,-17,249
17,4,UA,IAH,SFO,0,26,1635
20,7,OO,DTW,SCE,4,-7,301
13,7,DL,SLC,BZN,0,-10,347
23,3,EV,PIT,LGA,21,19,335
4,5,UA,EWR,ROC,56,44,246
18,5,WN,MDW,CHS,62,51,745
3,4,OO,ORD,GRB,23,50,173
4,5,DL,ATL,CVG,0,-4,373
4,5,9E,DCA,JFK,2,-20,213
8,2,NK,LAS,MSY,0,-14,1500
22,2,WN,BNA,BOS,0,43,942
3,4,WN,LAS,ONT,78,72,197
11,5,B6,CLT,JFK,29,26,541
29,2,WN,MDW,BNA,0,-6,395
2,3,MQ,DFW,LBB,0,-8,282
24,4,OH,AVP,CLT,0,10,509
15,2,DL,SLC,DEN,0,-16,391
17,4,G4,CVG,SAV,0,13,515
28,1,WN,LAS,CLE,2,-8,1824
4,5,YV,DTW,IAD,35,37,383
31,4,MQ,LAW,DFW,0,-24,140
6,7,WN,MKE,TPA,0,-3,1075
16,3,DL,ATL,MIA,11,24,594
5,6,MQ,DFW,ACT,2,1,89
28,1,WN,SLC,DEN,40,36,391
17,4,WN,OAK,MDW,1,-13,1844
6,7,WN,ATL,LAS,0,1,1747
3,4,UA,DEN,MCO,0,-13,1546
3,4,WN,DAL,AUS,20,17,189
8,2,WN,ELP,HOU,11,7,677
10,4,AA,OMA,PHX,0,-15,1037
2,3,DL,TPA,LAX,0,-2,2158
27,7,B6,EWR,PBI,129,133,1023
18,5,B6,RSW,BOS,38,17,1249
12,6,WN,HOU,BNA,0,-6,670
5,6,WN,PDX,SMF,25,23,479
29,2,UA,EWR,PHX,0,-22,2133
16,3,AA,DFW,SEA,0,11,1660
31,4,OH,CLT,GSP,96,105,75
2,3,OH,CLT,GSP,0,-14,75
14,1,AA,MIA,DEN,20,1,1709
20,7,WN,MCO,BNA,0,-10,616
20,7,OO,SYR,ORD,0,8,607
14,1,OH,TUL,CLT,0,-9,842
22,2,WN,LGA,DAL,0,-28,1381
1,2,WN,SFO,LAX,0,-14,337
1,2,WN,PVD,MCO,0,-8,1072
13,7,WN,MCO,DCA,0,-9,759
12,6,DL,SEA,DTW,0,21,1927
16,3,YX,DCA,ALB,33,35,318
19,6,AA,LGA,CLT,0,-34,544
5,6,OO,CLT,ORD,0,-21,599
31,4,UA,IAH,HNL,3,-16,3904
2,3,F9,CLT,PVD,0,-10,683
5,6,MQ,BUF,ORD,0,-16,474
5,6,WN,DAL,ELP,9,1,562
23,3,OO,DTW,CMH,0,-20,155
17,4,DL,SMF,ATL,0,-16,2092
7,1,DL,SJC,SLC,0,-15,584
30,3,WN,SAT,LAX,29,10,1211
19,6,DL,ATL,LGA,0,-22,762
15,2,WN,MDW,OAK,8,-5,1844
12,6,AS,FAI,SEA,0,-20,1533
8,2,YX,LGA,ATL,0,-23,762
8,2,AA,FLL,DFW,0,-16,1119
23,3,EV,ORD,RIC,107,89,642
23,3,9E,ATL,VLD,12,11,208
22,2,B6,BQN,MCO,0,-30,1129
26,6,NK,BWI,IAH,0,-35,1235
4,5,WN,DEN,OMA,19,11,472
24,4,AA,DFW,PHX,20,10,868
28,1,WN,ATL,BWI,28,74,577
10,4,EV,DTW,RIC,0,-20,456
31,4,UA,LGA,ORD,0,-21,733
10,4,OH,LYH,CLT,0,-15,175
9,3,DL,ATL,CHS,0,-9,259
6,7,F9,SLC,DEN,0,-23,391
15,2,WN,DCA,MDW,21,4,601
21,1,OO,GRB,ORD,73,104,173
14,1,AA,CLT,SFO,17,-9,2296
22,2,WN,MCO,ISP,6,-7,971
19,6,DL,GSP,ATL,0,4,153
3,4,DL,RDU,MSP,23,13,980
12,6,WN,DEN,LGA,24,7,1620
10,4,DL,BOS,ATL,2,-6,946
22,2,UA,ORD,DCA,0,31,612
31,4,WN,BWI,ATL,93,77,577
26,6,F9,DEN,MIA,29,43,1709
6,7,OH,CLT,CAK,4,1,394
26,6,WN,DEN,MSY,8,-4,1062
1,2,9E,PHL,RDU,0,-24,337
25,5,OH,CLT,MKE,0,-19,651
31,4,B6,JFK,RSW,35,9,1074
4,5,AA,DFW,SEA,34,42,1660
20,7,UA,MIA,IAH,3,-21,964
29,2,AA,FLL,DFW,0,-25,1119
25,5,MQ,JFK,RDU,0,-25,427
30,3,WN,DEN,MCO,0,-2,1546
25,5,AA,SFO,DFW,2,8,1464
6,7,AA,PHX,DFW,0,-8,868
10,4,YX,DCA,PIT,17,41,204
25,5,EV,CLE,EWR,14,18,404
19,6,AA,LAX,CLT,0,-18,2125
31,4,DL,ATL,FLL,34,35,581
10,4,YX,EWR,RDU,0,-1,416
17,4,AA,DFW,ATL,8,17,731
23,3,EV,OKC,IAH,0,4,395
10,4,OO,DEN,JMS,0,-13,573
24,4,AA,LAX,PHL,0,-13,2402
7,1,OO,SLC,LGB,0,-19,588
13,7,WN,MCO,BNA,0,-15,616
14,1,DL,TLH,ATL,0,-8,223
26,6,UA,LAX,DEN,0,-19,862
24,4,UA,LAX,HNL,0,-9,2556
15,2,OO,SBP,LAX,5,10,156
23,3,UA,ORD,SEA,2,-27,1721
26,6,YV,IAH,TUL,0,-9,429
31,4,OO,COS,IAH,0,-11,809
27,7,WN,OAK,PDX,0,-5,543
18,5,WN,MKE,PHX,5,2,1460
1,2,9E,JFK,BOS,23,1,187
15,2,DL,SLC,MSY,19,1,1428
16,3,OO,PSC,SLC,0,-7,521
3,4,WN,MHT,MCO,0,-18,1142
28,1,OH,CLT,PHF,3,-5,282
25,5,WN,LAS,DEN,32,18,628
15,2,B6,LGB,OAK,0,-14,353
26,6,AS,SFO,SEA,0,-8,679
21,1,AA,RDU,PHL,0,-3,337
31,4,WN,OAK,MDW,6,3,1844
9,3,YX,EYW,CLT,0,-5,736
7,1,AA,DFW,LAX,0,2,1235
11,5,AA,DFW,LAS,34,27,1055
17,4,UA,SFO,IAD,19,25,2419
8,2,AA,PHX,CMH,0,-3,1670
28,1,YX,MSP,LGA,0,42,1020
11,5,WN,DAL,AMA,3,1,323
3,4,EV,MSP,RIC,1,-21,970
29,2,OO,IAH,IND,0,-7,844
24,4,UA,IAH,DEN,0,-5,862
13,7,DL,ECP,ATL,0,-4,240
4,5,OO,SAT,ORD,3,-20,1041
30,3,WN,TPA,BWI,47,35,842
3,4,WN,LAX,SMF,0,-12,373
6,7,DL,JFK,FLL,0,12,1069
10,4,OH,CLT,CLE,0,3,430
2,3,WN,ATL,DCA,0,-5,547
8,2,AA,DFW,IAH,0,-21,224
6,7,B6,SFO,FLL,0,-19,2584
12,6,F9,PHL,JAX,0,-21,742
5,6,DL,LAS,SEA,0,-18,867
18,5,B6,SFO,LGB,128,119,354
2,3,UA,SFO,LAX,0,41,337
25,5,WN,DCA,HOU,0,-33,1218
26,6,OH,BWI,CLT,0,-24,361
1,2,UA,LAX,DEN,0,-13,862
31,4,AS,LAX,EWR,5,23,2454
27,7,OH,DCA,RDU,0,-8,227
4,5,UA,DEN,LAS,0,-18,628
7,1,9E,BGR,JFK,0,-8,382
16,3,YX,LGA,CMH,137,102,479
24,4,UA,FLL,IAH,0,26,966
3,4,AA,DFW,EWR,179,216,1372
14,1,UA,IAH,PHX,0,-10,1009
10,4,EV,ATL,SHV,0,0,551
18,5,DL,MSP,MSN,0,-13,228
23,3,OO,LBF,DEN,0,-19,228
27,7,WN,SAN,MCI,0,-21,1334
10,4,9E,TYS,ATL,0,-17,152
2,3,UA,IAH,ORD,NA,NA,925
1,2,AA,DCA,CLT,0,-29,331
31,4,WN,MDW,BNA,9,5,395
18,5,WN,MHT,TPA,0,-14,1204
13,7,OO,CAK,DTW,0,-11,133
14,1,DL,SAT,MSP,0,-19,1097
12,6,OO,MSP,MKE,0,-11,297
30,3,WN,BWI,ORF,0,-3,159
21,1,B6,LAX,JFK,0,-22,2475
24,4,WN,FLL,BNA,0,-4,793
9,3,WN,MDW,DTW,0,-12,228
5,6,B6,SLC,BOS,86,70,2105
12,6,YV,IAD,MSY,0,-37,955
8,2,9E,RDU,LGA,1,-10,431
17,4,B6,BOS,RSW,52,77,1249
30,3,9E,TYS,ATL,0,-15,152
23,3,AA,CLT,LGA,23,11,544
3,4,WN,DAL,SAN,0,-1,1182
9,3,DL,DTW,SLC,0,-1,1481
29,2,DL,JFK,SJU,0,-29,1598
22,2,B6,BOS,PHL,2,1,280
26,6,WN,LAX,LAS,8,-7,236
15,2,MQ,DFW,GRI,0,1,561
10,4,UA,MSN,ORD,0,-11,108
12,6,9E,DTW,MHT,14,8,610
13,7,YX,EWR,PIT,0,-19,319
21,1,YX,LGA,DCA,0,-11,214
1,2,WN,DEN,SAT,128,145,794
11,5,DL,MSP,ORD,0,-17,334
31,4,WN,LAS,OKC,0,-8,986
11,5,DL,PDX,SLC,0,5,630
19,6,OH,GSP,CLT,16,-5,75
27,7,EV,CLE,IAH,0,-22,1091
11,5,WN,ATL,STL,0,-19,484
5,6,WN,MCO,STL,0,-12,882
7,1,WN,FLL,MSY,43,45,674
30,3,AA,FAT,DFW,31,16,1313
28,1,F9,IND,LAS,0,-17,1590
6,7,OH,RIC,CLT,0,6,257
2,3,AA,LAS,PHX,0,-16,255
5,6,OH,EVV,CLT,0,-29,414
8,2,B6,ORH,JFK,93,90,150
1,2,DL,BWI,DTW,0,-22,409
25,5,AA,IND,DFW,0,-15,761
14,1,OO,SLC,DFW,0,-5,989
20,7,WN,LGB,OAK,7,-5,353
21,1,WN,SEA,PHX,0,-13,1107
4,5,YV,PHX,FAT,0,1,493
30,3,UA,PHX,ORD,0,-30,1440
29,2,WN,ICT,LAS,0,-11,986
11,5,DL,DEN,MSP,0,-18,680
2,3,WN,SMF,BUR,NA,NA,358
29,2,F9,PVD,RDU,0,-26,566
28,1,NK,LGA,DFW,0,-29,1389
2,3,AS,SJC,SEA,0,-20,696
7,1,EV,ORD,GRR,29,26,137
20,7,AA,ORD,LGA,0,-20,733
31,4,AA,PNS,DFW,0,-20,604
12,6,WN,CLE,ATL,0,-18,554
31,4,UA,IAD,IAH,0,-11,1190
12,6,HA,KOA,HNL,0,-12,163
27,7,AA,CLT,BDL,36,41,644
8,2,DL,ATL,BWI,0,1,577
26,6,OH,CLT,CVG,8,17,335
23,3,AS,SFO,JFK,0,5,2586
22,2,UA,CHS,ORD,0,-4,760
5,6,NK,MSY,BOS,0,-11,1368
2,3,OO,AEX,ATL,0,-18,500
5,6,DL,BWI,SLC,0,-5,1865
9,3,UA,LAX,OGG,32,19,2486
30,3,MQ,DFW,XNA,1,1,280
11,5,OH,PHL,MSN,396,392,764
12,6,NK,LAS,MSP,0,-5,1299
21,1,DL,JFK,ATL,0,3,760
17,4,OH,ILM,CLT,0,-20,185
6,7,AS,SEA,BOS,7,10,2496
2,3,DL,ATL,SAT,0,-17,874
4,5,NK,LAX,FLL,0,-29,2343
21,1,MQ,SGF,ORD,54,52,438
20,7,NK,DTW,MYR,0,-15,636
6,7,WN,LAX,SJC,19,31,308
4,5,F9,DEN,ORD,5,6,888
7,1,WN,BNA,TPA,0,3,612
7,1,WN,SFO,AUS,0,4,1504
11,5,OO,DTW,ERI,0,-3,164
23,3,OH,TLH,DCA,0,-11,716
12,6,UA,BOS,SFO,0,3,2704
18,5,NK,ACY,MCO,28,38,852
26,6,MQ,DFW,ROW,0,-17,435
29,2,WN,TPA,ISP,3,-6,1034
27,7,DL,CLT,ATL,0,3,226
21,1,UA,IAH,EWR,69,66,1400
13,7,UA,IAH,LGA,0,1,1416
16,3,YX,PIT,ORD,0,-8,413
22,2,DL,DEN,SEA,0,-29,1024
31,4,UA,SFO,SEA,0,4,679
10,4,AS,ANC,FAI,0,1,261
11,5,DL,LAX,DTW,0,3,1979
2,3,UA,ORD,SJU,0,-13,2072
12,6,MQ,ORD,JAX,0,-14,864
24,4,NK,TPA,ACY,0,-10,913
22,2,DL,ATL,JAX,0,-12,270
1,2,OO,MDT,ORD,0,-33,594
26,6,MQ,DFW,GRR,0,-12,931
17,4,WN,PHX,DEN,8,-12,602
13,7,B6,LAX,JFK,1,14,2475
8,2,DL,BOS,MSP,0,-25,1124
4,5,NK,DFW,MCO,17,23,985
21,1,MQ,CLL,DFW,0,-4,164
3,4,UA,ORD,SFO,366,403,1846
22,2,OO,MSP,BIS,6,9,386
22,2,AA,CLT,BWI,5,-2,361
17,4,AA,CLT,CLE,50,46,430
1,2,AA,PHL,PVD,6,-17,237
19,6,OO,DTW,CLT,0,0,500
27,7,AA,CLT,JAX,1,0,328
16,3,AA,JFK,MIA,2,1,1089
6,7,MQ,DFW,SJT,0,-11,229
11,5,MQ,DSM,ORD,0,-14,299
8,2,9E,AUS,CVG,0,-10,958
6,7,DL,MIA,MSP,0,-17,1501
31,4,WN,PBI,ISP,0,-23,1052
5,6,YX,STL,MIA,0,-9,1068
22,2,WN,MSY,PHX,1,-23,1300
28,1,MQ,MEM,ORD,0,-12,491
10,4,WN,SJC,BUR,13,12,296
15,2,OH,CLT,TYS,27,20,177
13,7,WN,DAL,HOU,0,10,239
29,2,YV,VPS,DFW,0,-16,641
27,7,WN,RSW,BWI,5,2,919
14,1,DL,ATL,GRR,0,-5,640
24,4,F9,LAX,DEN,0,-31,862
9,3,MQ,LAW,DFW,0,-20,140
31,4,OH,CLT,SDF,154,157,335
10,4,9E,SYR,LGA,49,44,198
22,2,AA,DFW,SFO,43,60,1464
20,7,DL,SLC,DTW,21,43,1481
19,6,YV,IAD,BNA,0,-22,542
29,2,OO,OTH,SFO,0,-11,412
27,7,DL,DTW,BNA,0,6,456
4,5,WN,MCO,CMH,0,-17,802
18,5,YV,DFW,JAN,0,-8,408
10,4,DL,PHL,MSP,24,28,980
20,7,OH,HVN,PHL,0,-4,157
20,7,WN,HOU,PHX,88,85,1020
16,3,DL,ATL,PNS,0,-10,271
22,2,WN,MCO,BUF,0,-13,1011
23,3,NK,DFW,LAX,0,-6,1235
24,4,EV,CLE,LGA,11,2,419
3,4,WN,PHX,BUR,1,-10,369
20,7,B6,RDU,FLL,50,67,680
14,1,9E,SYR,JFK,0,-9,209
15,2,WN,DEN,PIT,2,-6,1290
28,1,NK,IAH,SAN,0,-6,1303
23,3,YX,DCA,SDF,0,-2,474
7,1,NK,LAS,SAN,0,-5,258
12,6,OO,SLC,RNO,8,8,422
23,3,WN,DEN,SMF,30,19,909
11,5,UA,BNA,IAH,0,-19,657
5,6,B6,JAX,JFK,0,-22,828
21,1,WN,BUF,MDW,6,5,468
28,1,B6,SJU,FLL,34,24,1046
4,5,EV,PHF,ATL,0,-19,508
11,5,WN,MDW,FLL,0,-5,1167
17,4,WN,DEN,PHL,14,7,1558
10,4,WN,SJC,LAX,4,7,308
15,2,WN,SLC,PHX,0,-11,507
15,2,WN,MCI,MCO,8,1,1072
1,2,EV,LEX,ATL,0,-8,304
29,2,AS,SEA,LAX,2,6,954
13,7,UA,IAH,LAS,0,-16,1222
31,4,DL,ATL,LAS,11,7,1747
13,7,AA,RSW,CLT,14,-5,600
25,5,OH,CRW,CLT,0,-25,221
30,3,AA,ORD,SFO,197,167,1846
11,5,WN,OAK,LAX,40,37,337
29,2,OO,LAX,SJC,0,-15,308
24,4,OO,MSP,ATW,118,113,236
30,3,WN,LGA,DAL,0,-48,1381
17,4,WN,DCA,MCO,137,126,759
27,7,OO,SAN,STL,0,-4,1557
27,7,WN,DEN,ATL,183,182,1199
11,5,UA,PDX,ORD,0,-12,1739
3,4,G4,PIE,SGF,29,21,895
3,4,DL,MSY,ATL,0,-10,425
26,6,AA,CLT,DTW,0,-13,500
14,1,AA,AUS,PHX,0,-2,872
31,4,9E,DTW,TYS,15,1,443
1,2,AS,ANC,SEA,0,-11,1448
5,6,WN,SMF,LAX,33,20,373
29,2,YX,PIT,LGA,0,-18,335
21,1,WN,SMF,ONT,1,-6,390
30,3,AS,EWR,SFO,95,113,2565
28,1,B6,PWM,JFK,0,-14,273
14,1,OO,PHX,GJT,0,-7,438
14,1,WN,BNA,SAT,21,6,822
8,2,WN,SAT,HOU,0,-8,192
17,4,DL,BOS,DTW,0,-12,632
11,5,YX,CLT,EYW,0,-4,736
10,4,DL,ATL,FLL,10,6,581
2,3,B6,JFK,BUF,0,-15,301
18,5,YX,PHL,IND,15,6,588
20,7,F9,CHS,DEN,6,-9,1449
11,5,F9,CVG,SAT,0,-5,1024
15,2,WN,SLC,BUR,5,20,574
24,4,DL,SAN,SEA,20,-5,1050
24,4,UA,DEN,ORD,11,7,888
14,1,UA,BWI,IAH,0,-26,1235
27,7,AS,ANC,FAI,16,14,261
29,2,UA,ORD,DCA,0,-21,612
21,1,UA,TPA,EWR,0,-13,997
14,1,AA,RSW,DFW,27,5,1017
11,5,WN,PHX,MSP,27,13,1276
31,4,OO,ICT,SEA,0,-13,1430
6,7,UA,DEN,LAX,3,-20,862
29,2,UA,SAT,IAH,0,-16,191
20,7,WN,PHX,DEN,26,34,602
14,1,DL,MIA,ATL,5,0,594
11,5,OO,PHX,SGU,0,-21,262
5,6,MQ,ORD,AZO,0,-10,122
10,4,OO,PSP,SFO,0,-21,421
6,7,AA,DCA,BOS,200,179,399
5,6,WN,BOS,ATL,0,-5,946
9,3,WN,BNA,DAL,73,56,623
14,1,YV,CRP,IAH,0,-18,201
15,2,DL,MDW,ATL,1,-4,591
10,4,OH,TLH,CLT,0,-5,386
22,2,WN,MCO,MKE,0,-5,1066
23,3,WN,SJC,STL,0,10,1715
12,6,EV,EWR,RIC,37,33,277
12,6,F9,MCO,STL,0,-13,882
14,1,WN,MCO,BWI,NA,NA,787
15,2,WN,AUS,DAL,5,13,189
18,5,YX,IAH,LGA,0,-15,1416
10,4,OH,CLT,PIA,0,-9,607
31,4,HA,HNL,OGG,0,-3,100
5,6,DL,HNL,MSP,0,-63,3972
19,6,WN,SMF,ONT,13,9,390
14,1,WN,LAS,BDL,5,-12,2297
21,1,MQ,DFW,BHM,0,1,597
31,4,9E,LGA,SDF,0,-14,659
20,7,9E,DTW,EVV,0,-14,363
11,5,OO,DTW,ESC,0,-16,306
13,7,OO,ELP,DEN,0,-9,563
17,4,DL,RDU,MSP,0,-27,980
7,1,B6,FLL,ORD,58,35,1182
6,7,OO,MSP,MOT,0,-4,449
22,2,B6,FLL,JFK,35,43,1069
9,3,DL,LAS,SLC,0,-4,368
7,1,WN,LAX,HOU,0,-14,1390
7,1,AA,PHX,MCO,0,-15,1849
23,3,DL,DTW,LAS,70,39,1749
30,3,NK,DTW,LAS,0,-21,1749
7,1,UA,ORD,BWI,0,-19,622
3,4,MQ,TLH,MIA,0,-14,402
8,2,WN,RDU,BWI,5,-2,255
5,6,MQ,ORD,TVC,0,-4,224
8,2,9E,CLT,JFK,0,-22,541
17,4,DL,MEM,DTW,0,-23,610
21,1,AA,CLT,BWI,1,-4,361
14,1,WN,AUS,MCO,0,1,994
30,3,OO,CRW,ATL,0,-12,363
25,5,WN,LAS,SLC,0,-15,368
8,2,AA,STL,DFW,0,-20,550
22,2,DL,MSP,EWR,0,-23,1008
25,5,OO,SGF,DEN,0,-23,637
18,5,B6,BDL,MCO,0,-7,1050
13,7,MQ,ORD,CMH,0,-5,296
30,3,AS,SEA,SJC,0,-4,696
27,7,UA,IAD,SAN,0,-21,2253
25,5,WN,ELP,PHX,23,15,347
1,2,NK,LAX,PIT,13,3,2136
19,6,YV,IAH,MEM,68,52,468
9,3,OO,SFO,SLC,25,22,599
23,3,AA,DFW,GSP,0,-5,862
14,1,OO,ORD,PIA,NA,NA,130
28,1,MQ,DFW,MEM,0,-3,431
7,1,UA,ORD,BWI,0,-12,622
20,7,DL,MCO,MSP,17,6,1310
11,5,OO,ORD,SBN,41,57,84
23,3,OO,MSP,DAY,0,-8,574
13,7,WN,HOU,DAL,103,140,239
11,5,OO,GJT,SLC,0,7,216
9,3,OO,ORD,SBN,46,67,84
6,7,DL,SDF,ATL,0,17,321
7,1,AA,MSP,PHX,0,3,1276
8,2,OO,MSP,ICT,0,-12,545
22,2,DL,JFK,SLC,0,16,1990
9,3,AS,SEA,BLI,0,3,93
1,2,AA,SMF,PHX,0,-7,647
7,1,WN,LAX,LAS,NA,NA,236
27,7,OH,CLT,MHT,0,0,737
10,4,DL,ATL,SFO,16,3,2139
10,4,9E,MDT,DTW,0,-18,371
20,7,DL,SEA,SLC,3,12,689
8,2,WN,OAK,DAL,0,-14,1468
12,6,OO,BOI,ORD,0,-26,1437
29,2,AA,CLE,DFW,0,-20,1021
3,4,WN,BNA,MDW,0,53,395
16,3,B6,JFK,HOU,0,-7,1428
20,7,WN,SJC,SAN,0,-5,417
19,6,EV,EWR,CMH,66,63,463
11,5,AA,BOS,CLT,28,25,728
20,7,AA,SEA,ORD,0,-15,1721
23,3,MQ,DAY,DFW,22,-1,861
21,1,AA,CLT,LAS,20,20,1916
10,4,9E,DSM,MSP,0,-7,232
2,3,WN,DEN,MKE,2,1,896
19,6,F9,LIT,DEN,0,-26,771
17,4,9E,ATL,TYS,0,-10,152
24,4,DL,DTW,DCA,0,-15,405
11,5,F9,RNO,DEN,1,28,804
19,6,WN,SFO,SNA,70,63,372
6,7,EV,SHV,IAH,0,-22,192
16,3,WN,MDW,OMA,3,-14,423
11,5,WN,SJC,SEA,0,10,696
7,1,DL,ATL,GRR,0,0,640
21,1,YX,DSM,DCA,0,-17,897
15,2,UA,IAH,HNL,0,1,3904
26,6,AA,ORD,STL,0,-4,258
10,4,G4,SGF,VPS,0,-15,610
30,3,OO,ATL,CRW,0,12,363
15,2,YX,DCA,CLT,NA,NA,331
31,4,UA,SEA,ORD,107,87,1721
10,4,YV,ELP,DFW,NA,NA,551
29,2,WN,LAS,DAL,34,19,1067
28,1,AA,ORD,LAX,0,-19,1744
11,5,UA,SFO,FAT,0,0,158
30,3,UA,ORD,BOS,181,175,867
7,1,AA,PHX,DTW,10,6,1671
1,2,OO,COS,ORD,0,-13,911
20,7,DL,BIL,SLC,27,33,387
8,2,OO,ORD,COS,0,-21,911
6,7,G4,VPS,CVG,4,10,600
13,7,UA,DEN,ATL,24,22,1199
17,4,OO,SLC,LGB,13,9,588
16,3,WN,MSP,PHX,1,-12,1276
22,2,OO,TUL,DEN,0,-8,541
1,2,UA,SAN,ORD,0,-18,1723
29,2,EV,CLE,EWR,0,-9,404
28,1,DL,MEM,ATL,0,-11,332
8,2,YX,LEX,DCA,0,-6,414
8,2,WN,DAL,SAT,0,-19,248
26,6,WN,DEN,OAK,0,-14,957
20,7,OO,DEN,JAX,18,35,1447
9,3,AA,AUS,DFW,0,-14,190
15,2,OH,CLT,GRR,0,3,583
14,1,WN,FLL,DAL,2,-20,1108
25,5,WN,MDW,FNT,41,33,221
6,7,MQ,DFW,LFT,0,-2,351
17,4,DL,LAS,SEA,0,-21,867
14,1,WN,ATL,MSP,46,33,907
2,3,WN,MCO,MKE,27,26,1066
11,5,DL,ATL,EYW,0,-12,646
8,2,WN,ATL,RDU,0,-21,356
28,1,OO,MSN,MSP,0,-16,228
15,2,YV,DTW,IAD,0,-7,383
21,1,WN,OAK,SNA,0,-6,371
6,7,AS,PDX,PHX,12,12,1009
28,1,G4,LEX,SAV,275,277,451
7,1,B6,EWR,MCO,21,28,937
7,1,9E,LGA,SYR,6,-6,198
11,5,WN,PHX,MDW,0,-20,1444
2,3,OO,MSP,BIS,0,-2,386
7,1,AA,LGA,ORD,0,-26,733
19,6,UA,DEN,BOI,17,6,649
22,2,UA,IAH,ORD,7,6,925
21,1,OO,SLC,CDC,0,-5,221
30,3,WN,TPA,HOU,10,-7,781
29,2,AA,DFW,SFO,0,-21,1464
18,5,AA,DFW,PBI,2,-2,1102
31,4,UA,IAH,ORD,0,4,925
8,2,UA,MCO,SFO,0,-26,2446
30,3,YX,BOS,LGA,0,-15,184
16,3,AA,LAS,PHX,0,-23,255
7,1,YX,CMH,PHL,0,-11,406
18,5,AA,ORD,BOS,8,3,867
25,5,AS,ANC,SEA,0,7,1448
11,5,G4,SFB,SGF,0,-14,914
18,5,UA,EWR,FLL,0,7,1065
20,7,WN,RSW,BWI,0,-17,919
29,2,UA,SNA,SFO,0,-20,372
4,5,WN,ABQ,BWI,92,72,1670
14,1,YX,IND,EWR,0,-19,645
30,3,NK,LAS,CMH,25,15,1771
7,1,9E,MCI,LGA,0,18,1107
18,5,DL,DTW,LGA,0,-18,502
31,4,DL,HOU,ATL,0,4,696
11,5,UA,EWR,SEA,23,22,2402
26,6,HA,HNL,OGG,0,-8,100
20,7,DL,MSY,LAX,0,-8,1670
18,5,EV,EWR,CMH,0,-14,463
28,1,AS,FAI,ANC,0,-19,261
20,7,EV,BWI,EWR,23,14,169
4,5,YX,EWR,PIT,0,-26,319
14,1,OO,ORD,HSV,121,140,510
12,6,AA,CLT,PIT,5,3,366
27,7,AA,IND,DFW,24,6,761
18,5,WN,ATL,PBI,0,-7,545
11,5,AA,BWI,CLT,0,-16,361
10,4,B6,SLC,LGB,0,-5,588
11,5,AA,LAX,PHX,0,-12,370
9,3,WN,LAS,SFO,21,10,414
28,1,NK,DFW,ATL,0,5,731
14,1,AA,RSW,CLT,0,-12,600
6,7,NK,MCO,DFW,0,-12,985
21,1,AA,MIA,MCO,0,-4,192
28,1,WN,ATL,MDW,0,-16,591
24,4,OH,CLT,DSM,1,-12,815
9,3,OO,ATL,SBN,0,5,566
7,1,AS,DEN,SEA,0,21,1024
3,4,9E,DTW,MHT,0,-11,610
23,3,AS,DEN,SFO,11,23,967
8,2,EV,BOS,CLE,0,-29,563
22,2,OH,GNV,CLT,0,-1,388
4,5,B6,JFK,SJU,0,-10,1598
8,2,WN,MSY,PHX,0,-18,1300
23,3,AA,DFW,FLL,2,-6,1119
23,3,WN,DAL,SAT,12,2,248
15,2,WN,DAL,HOU,0,-3,239
30,3,WN,DEN,SEA,1,11,1024
15,2,YV,PIT,IAD,912,911,182
8,2,MQ,JFK,ORF,0,-22,290
7,1,OH,RIC,CLT,0,-19,257
26,6,OH,CLT,SAV,16,8,213
18,5,YV,DFW,LFT,0,-13,351
6,7,DL,ANC,MSP,0,-16,2519
3,4,UA,EWR,MSY,154,136,1167
8,2,DL,ATL,SFO,23,-3,2139
26,6,UA,BWI,SFO,288,254,2457
27,7,YV,FSD,PHX,0,-10,1081
24,4,UA,TPA,IAD,0,-6,811
28,1,UA,SFO,EWR,2,6,2565
17,4,AA,SNA,ORD,0,-16,1726
24,4,YV,PHX,LGB,29,23,355
17,4,UA,IAH,LAX,0,1,1379
1,2,B6,MCO,SLC,0,-9,1931
15,2,OO,SFO,MFR,0,-19,329
13,7,B6,LGA,PBI,0,0,1035
21,1,OO,FAT,SLC,0,2,501
25,5,DL,BNA,ATL,73,72,214
26,6,AA,FLL,PHL,0,119,992
22,2,NK,IAH,LAX,0,-14,1379
29,2,AA,XNA,DFW,2,-12,280
6,7,YX,LGA,STL,0,-27,888
18,5,DL,SEA,DEN,0,15,1024
3,4,AA,DEN,ORD,0,-7,888
10,4,OH,AVL,CLT,0,10,91
23,3,OO,MSO,SLC,0,-25,436
14,1,AS,PDX,ORD,0,53,1739
21,1,AA,LAX,KOA,0,-28,2504
9,3,WN,OAK,ONT,13,3,362
17,4,B6,BNA,BOS,0,-9,942
12,6,DL,SAN,MSP,3,-23,1532
5,6,AA,DFW,SAN,2,-7,1171
10,4,YV,MSY,IAD,0,5,955
11,5,NK,MYR,LGA,0,-15,563
28,1,WN,IND,DEN,0,-13,977
3,4,OO,SAT,SFO,0,-3,1482
26,6,B6,LAX,BOS,2,-12,2611
28,1,OH,PHL,TYS,23,19,554
1,2,B6,LGA,PBI,0,-23,1035
12,6,OO,AEX,ATL,12,11,500
24,4,UA,SFO,OGG,0,-6,2338
31,4,OO,ORD,GRB,142,128,173
31,4,DL,ATL,CVG,0,1,373
9,3,DL,MSP,ATL,0,-21,907
28,1,AA,DFW,RNO,0,-5,1345
27,7,AA,LGA,DFW,0,-53,1389
23,3,DL,MSP,TUS,0,-9,1298
31,4,OO,DTW,MDW,0,-7,228
15,2,WN,LAS,LAX,0,-10,236
11,5,OO,LAX,RNO,0,-5,391
27,7,B6,JFK,PBI,0,11,1028
19,6,AA,DSM,DFW,0,-15,624
25,5,DL,LAX,DTW,0,-4,1979
4,5,B6,ALB,MCO,0,-10,1073
24,4,YX,JAX,CLT,0,-17,328
21,1,NK,SAN,DTW,8,4,1956
5,6,F9,DEN,TYS,0,-14,1162
27,7,AA,ORD,STL,0,-11,258
23,3,DL,ATL,ORD,4,-20,606
7,1,AS,KTN,SEA,0,-20,680
16,3,UA,SAT,IAD,0,5,1362
22,2,B6,BOS,LAS,91,92,2381
11,5,WN,ATL,PIT,3,2,526
26,6,UA,IAH,DEN,85,59,862
24,4,HA,HNL,LIH,0,-7,102
10,4,OO,INL,MSP,0,-16,255
27,7,MQ,DFW,BHM,0,-4,597
12,6,OO,MSP,GFK,0,-5,284
19,6,WN,SLC,LAS,0,-13,368
25,5,AA,CLT,MSY,39,31,651
13,7,HA,HNL,OGG,0,4,100
26,6,OO,LAX,DFW,0,5,1235
6,7,AS,CHS,SEA,0,-20,2415
8,2,YX,DCA,PNS,0,-28,816
4,5,B6,PIT,BOS,2,5,496
25,5,WN,SFO,SNA,0,-17,372
9,3,OO,DEN,TUS,0,-15,639
9,3,OO,CLT,LGA,0,-16,544
21,1,UA,SFO,LAS,1,19,414
14,1,MQ,DFW,LCH,22,22,295
21,1,OO,DTW,CID,0,5,430
20,7,OO,SNA,LAS,29,27,226
15,2,WN,SFO,MDW,57,53,1855
1,2,OO,SAN,STL,0,-18,1557
25,5,AA,RDU,ORD,0,-17,646
11,5,OO,LSE,MSP,30,20,119
14,1,UA,EWR,TPA,0,-10,997
14,1,HA,HNL,ITO,0,2,216
9,3,OO,LAX,SLC,0,-10,590
27,7,UA,IAH,SEA,0,-18,1874
10,4,DL,MSP,STL,0,-2,448
9,3,AS,PSP,SEA,0,2,987
13,7,OO,FWA,ORD,0,5,157
5,6,AS,LAS,SEA,10,-23,867
26,6,YX,MKE,BOS,0,-15,860
8,2,WN,OAK,ONT,0,-5,362
29,2,B6,BOS,MSP,2,NA,1124
26,6,YV,RDU,IAH,0,-21,1042
30,3,WN,LGA,ATL,172,140,762
24,4,UA,IAH,SAN,0,-8,1303
2,3,UA,EWR,RDU,8,6,416
21,1,UA,OGG,SFO,0,-11,2338
25,5,UA,ORD,PHX,0,-13,1440
19,6,WN,SEA,OAK,0,14,672
2,3,WN,RNO,LAS,24,14,345
27,7,UA,IAH,DTW,120,99,1075
21,1,WN,BWI,DTW,43,28,409
28,1,F9,TTN,ATL,0,-6,701
14,1,WN,MCI,PHX,19,17,1044
2,3,EV,CHA,CLT,0,-11,241
8,2,NK,ORD,MSY,0,-16,837
16,3,OO,ATL,FWA,99,80,508
3,4,MQ,GGG,DFW,NA,NA,140
18,5,WN,SAT,HOU,0,8,192
1,2,OH,DCA,SAV,0,-3,519
21,1,WN,HOU,OKC,0,-9,419
22,2,MQ,ORD,TVC,0,3,224
6,7,OH,CLT,STL,0,-1,575
20,7,MQ,MEM,DFW,107,NA,431
1,2,UA,SAN,SFO,0,-14,447
1,2,YV,BTV,IAD,0,-33,441
1,2,OO,GFK,MSP,0,-8,284
7,1,WN,DEN,SJC,2,-8,948
13,7,WN,LAX,LAS,0,-5,236
23,3,9E,MSP,CLE,0,-19,622
21,1,WN,SJC,MCO,0,7,2421
11,5,HA,OGG,HNL,0,-6,100
12,6,WN,BNA,TPA,0,12,612
15,2,9E,DTW,CLE,27,23,95
3,4,OO,BIL,SLC,1,-1,387
19,6,MQ,TYR,DFW,0,-24,102
6,7,DL,TPA,ATL,0,-15,406
24,4,WN,TPA,BDL,0,5,1111
27,7,F9,MCO,PVD,0,-18,1072
19,6,UA,MIA,EWR,29,40,1085
16,3,OO,MSP,HLN,0,-25,913
24,4,AS,HNL,SEA,3,28,2677
15,2,AA,ATL,LGA,2,3,762
20,7,DL,PBI,ATL,0,2,545
4,5,OH,CLT,DAY,55,38,370
17,4,AA,MCO,DFW,0,-14,985
25,5,WN,LAX,ATL,0,-27,1947
16,3,AA,DFW,PHX,0,0,868
5,6,YV,IAD,CVG,0,0,388
4,5,NK,DFW,DEN,0,-28,641
3,4,AA,LGA,CLT,0,-14,544
5,6,MQ,CMI,ORD,0,-21,135
22,2,NK,MCO,BDL,14,16,1050
21,1,UA,AUS,DEN,66,51,775
31,4,WN,LAS,SNA,12,6,226
7,1,UA,MDT,ORD,16,10,594
22,2,EV,BTR,CLT,0,-8,675
16,3,OH,GSO,DCA,32,21,248
6,7,9E,ATL,CSG,0,-4,83
4,5,B6,JFK,LAX,0,-33,2475
25,5,UA,EWR,BTV,0,-7,266
8,2,UA,SLC,DEN,0,-26,391
1,2,OO,CKB,IAD,0,-25,151
17,4,OO,DTW,OKC,0,7,900
9,3,WN,SMF,LAS,29,20,397
30,3,WN,OKC,MDW,58,67,691
4,5,NK,MCO,ACY,28,20,852
27,7,OO,ORD,CID,0,-27,196
25,5,DL,MSN,ATL,25,33,707
1,2,OO,SLC,OMA,0,-13,840
24,4,B6,JFK,LAX,0,-41,2475
7,1,9E,JFK,PIT,0,-27,340
28,1,YV,BMI,DFW,0,-20,690
23,3,AS,BOS,SEA,0,-23,2496
3,4,YX,LGA,ORD,1,18,733
23,3,AS,BOS,SEA,0,-17,2496
18,5,UA,ORD,CVG,47,51,264
8,2,OO,COS,SLC,0,-9,411
10,4,WN,IND,LAX,3,-15,1814
3,4,WN,DAL,MAF,112,117,319
30,3,DL,ANC,SEA,0,8,1448
31,4,B6,ATL,BOS,0,-6,946
17,4,DL,CHA,ATL,0,-8,106
7,1,B6,JFK,MCO,0,-1,944
24,4,DL,JFK,DTW,0,-10,509
1,2,AA,CLT,DTW,0,9,500
26,6,UA,ORD,PHX,0,-18,1440
22,2,UA,PHX,SFO,0,-4,651
16,3,OH,CMH,LGA,50,34,479
7,1,OH,ORD,STL,0,-10,258
23,3,WN,ATL,JAX,1,2,270
3,4,G4,LAS,BLI,0,-15,954
11,5,WN,HOU,MDW,0,-11,937
27,7,AA,DFW,OMA,16,6,583
4,5,OO,RAP,MSP,370,360,489
21,1,F9,DEN,SAN,0,13,853
12,6,WN,MDW,LAS,53,37,1521
21,1,MQ,MLI,ORD,73,70,139
31,4,OO,EUG,SFO,0,23,451
7,1,AA,DTW,DFW,0,-38,986
23,3,WN,PIT,LAS,0,-15,1910
8,2,WN,SFO,SNA,0,-12,372
9,3,WN,MKE,BOS,11,12,860
27,7,OO,ORD,SLC,0,-25,1250
27,7,AA,SJC,DFW,4,-17,1438
17,4,DL,SAT,ATL,0,-14,874
7,1,DL,SEA,ATL,0,-13,2182
25,5,DL,SLC,DTW,0,-10,1481
5,6,AA,CHS,DFW,0,0,987
30,3,OO,PSC,SEA,0,-16,172
10,4,YV,IAH,CMH,0,-15,986
25,5,OO,CHA,ATL,0,5,106
15,2,HA,HNL,OAK,17,11,2409
25,5,EV,RIC,BOS,0,5,474
30,3,UA,DEN,RSW,0,2,1607
24,4,OO,LAX,SAN,0,-10,109
15,2,WN,STL,DAL,106,93,546
15,2,DL,SEA,SLC,2,6,689
27,7,MQ,DFW,GJT,0,-13,773
6,7,UA,SFO,DFW,0,-28,1464
31,4,OO,SLC,GTF,0,-17,463
20,7,NK,CLE,ATL,0,-14,554
14,1,YX,DFW,LGA,0,-10,1389
13,7,OO,MFR,LAX,0,-7,630
26,6,UA,IAH,SFO,0,-13,1635
17,4,NK,LAS,SEA,4,13,867
9,3,YV,IAD,MCI,0,-20,926
30,3,WN,ATL,JAX,16,24,270
8,2,DL,ATL,BNA,0,-8,214
10,4,WN,DTW,DEN,2,-15,1123
6,7,DL,ATL,CHS,0,-6,259
14,1,AA,PHL,LAX,13,-2,2402
17,4,G4,ROC,SFB,0,19,1009
20,7,EV,MLU,IAH,0,-7,262
31,4,AS,SEA,EWR,65,70,2402
13,7,AA,CLT,LGA,2,-18,544
16,3,AS,SEA,MSY,0,11,2086
6,7,AS,SFO,BOS,0,1,2704
7,1,DL,FLL,MSP,2,-4,1487
25,5,OO,ORD,UIN,71,69,222
21,1,UA,IAD,ORD,1,16,588
6,7,DL,SEA,OGG,0,11,2640
23,3,9E,GSO,LGA,0,-19,461
7,1,EV,EWR,AVP,0,-3,93
23,3,AA,PHX,CLT,2,3,1773
3,4,UA,EWR,RDU,245,223,416
9,3,YX,PHL,SYR,0,-2,228
18,5,AS,OGG,SFO,0,-5,2338
31,4,9E,PIT,LGA,0,-7,335
29,2,YX,DCA,HSV,75,58,613
10,4,DL,DTW,BOS,0,-13,632
28,1,B6,SAV,JFK,0,-31,718
