DAY.OF.MONTH,DAY.OF.WEEK,CARRIER,ORIGIN,DEST,DEP.DELAY,ARR.DELAY,DISTANCE
13,7,MQ,MIA,PNS,1,-20,530
28,1,AA,MIA,ORD,1,-30,1197
29,2,AS,LAX,ANC,1,0,2345
21,1,WN,DAL,SAT,1,-13,248
19,6,DL,ATL,FLL,1,-1,581
16,3,OO,SYR,ORD,1,-9,607
4,5,WN,TPA,ROC,1,-3,1079
17,4,AA,LAX,ATL,1,-20,1947
16,3,DL,ECP,ATL,1,5,240
17,4,WN,HOU,PHX,1,5,1020
13,7,UA,SFO,RDU,1,58,2400
27,7,OH,DCA,TYS,1,1,437
10,4,WN,LAS,ELP,1,-1,583
14,1,AA,MSP,PHX,1,10,1276
31,4,WN,PHX,MDW,1,-4,1444
17,4,WN,LAS,DEN,1,-18,628
6,7,WN,HOU,LAX,1,-17,1390
19,6,AA,TPA,CLT,1,-6,507
11,5,DL,MSP,ABQ,1,-7,981
3,4,OO,MKE,DTW,1,0,237
13,7,WN,PHX,SJC,1,-5,621
31,4,NK,SEA,LAS,1,-10,867
11,5,WN,AUS,DEN,1,-13,775
21,1,DL,ATL,EWR,1,-13,746
21,1,MQ,MIA,TLH,1,-1,402
17,4,WN,OAK,MDW,1,-13,1844
3,4,EV,MSP,RIC,1,-21,970
8,2,9E,RDU,LGA,1,-10,431
30,3,MQ,DFW,XNA,1,1,280
13,7,B6,LAX,JFK,1,14,2475
27,7,AA,CLT,JAX,1,0,328
22,2,WN,MSY,PHX,1,-23,1300
3,4,WN,PHX,BUR,1,-10,369
21,1,WN,SMF,ONT,1,-6,390
15,2,DL,MDW,ATL,1,-4,591
21,1,AA,CLT,BWI,1,-4,361
11,5,F9,RNO,DEN,1,28,804
16,3,WN,MSP,PHX,1,-12,1276
24,4,OH,CLT,DSM,1,-12,815
30,3,WN,DEN,SEA,1,11,1024
21,1,UA,SFO,LAS,1,19,414
3,4,OO,BIL,SLC,1,-1,387
3,4,YX,LGA,ORD,1,18,733
23,3,WN,ATL,JAX,1,2,270
21,1,UA,IAD,ORD,1,16,588
18,5,UA,EWR,SFO,2,-17,2565
6,7,DL,ATL,JFK,2,-23,760
2,3,OH,TYS,CLT,2,-7,177
23,3,WN,STL,LGA,2,-3,888
15,2,DL,BOS,DTW,2,22,632
14,1,OO,CMX,ORD,2,22,360
11,5,DL,ATL,BOS,2,4,946
12,6,NK,ORD,DEN,2,2,888
29,2,WN,DEN,MCO,2,40,1546
14,1,AA,DEN,CLT,2,8,1337
22,2,AA,LAX,DFW,2,18,1235
27,7,AA,DFW,MCI,2,-11,460
4,5,9E,DCA,JFK,2,-20,213
28,1,WN,LAS,CLE,2,-8,1824
5,6,MQ,DFW,ACT,2,1,89
10,4,DL,BOS,ATL,2,-6,946
25,5,AA,SFO,DFW,2,8,1464
23,3,UA,ORD,SEA,2,-27,1721
22,2,B6,BOS,PHL,2,1,280
16,3,AA,JFK,MIA,2,1,1089
15,2,WN,DEN,PIT,2,-6,1290
29,2,AS,SEA,LAX,2,6,954
2,3,WN,DEN,MKE,2,1,896
14,1,WN,FLL,DAL,2,-20,1108
18,5,AA,DFW,PBI,2,-2,1102
23,3,AA,DFW,FLL,2,-6,1119
28,1,UA,SFO,EWR,2,6,2565
29,2,AA,XNA,DFW,2,-12,280
5,6,AA,DFW,SAN,2,-7,1171
26,6,B6,LAX,BOS,2,-12,2611
4,5,B6,PIT,BOS,2,5,496
29,2,B6,BOS,MSP,2,NA,1124
7,1,WN,DEN,SJC,2,-8,948
15,2,AA,ATL,LGA,2,3,762
15,2,DL,SEA,SLC,2,6,689
10,4,WN,DTW,DEN,2,-15,1123
13,7,AA,CLT,LGA,2,-18,544
7,1,DL,FLL,MSP,2,-4,1487
23,3,AA,PHX,CLT,2,3,1773
5,6,AA,PHX,DFW,3,2,868
18,5,WN,BWI,BOS,3,-7,369
20,7,AS,SEA,LIH,3,-5,2701
28,1,DL,SEA,MSP,3,43,1399
24,4,DL,ATL,HOU,3,1,696
13,7,WN,SAT,ATL,3,-4,874
9,3,B6,BOS,ATL,3,5,946
3,4,UA,PHX,EWR,3,-14,2133
22,2,DL,SJC,ATL,3,1,2116
31,4,UA,IAH,HNL,3,-16,3904
20,7,UA,MIA,IAH,3,-21,964
28,1,OH,CLT,PHF,3,-5,282
11,5,WN,DAL,AMA,3,1,323
4,5,OO,SAT,ORD,3,-20,1041
29,2,WN,TPA,ISP,3,-6,1034
6,7,UA,DEN,LAX,3,-20,862
20,7,DL,SEA,SLC,3,12,689
16,3,WN,MDW,OMA,3,-14,423
12,6,DL,SAN,MSP,3,-23,1532
11,5,WN,ATL,PIT,3,2,526
24,4,AS,HNL,SEA,3,28,2677
10,4,WN,IND,LAX,3,-15,1814
5,6,AA,CLT,SFO,4,-21,2296
26,6,AS,SEA,ANC,4,-11,1448
24,4,AS,LAS,LAX,4,12,236
3,4,DL,ATL,SLC,4,-7,1590
25,5,OO,BOI,MSP,4,11,1142
13,7,AA,DFW,MSP,4,20,852
31,4,WN,MKE,LAX,4,-5,1756
3,4,AA,LAX,HNL,4,11,2556
23,3,NK,IAH,TPA,4,2,787
3,4,WN,BUR,SMF,4,3,358
3,4,DL,CVG,MSP,4,-14,596
28,1,DL,ATL,MIA,4,25,594
20,7,OO,DTW,SCE,4,-7,301
6,7,OH,CLT,CAK,4,1,394
10,4,WN,SJC,LAX,4,7,308
6,7,G4,VPS,CVG,4,10,600
23,3,DL,ATL,ORD,4,-20,606
27,7,AA,SJC,DFW,4,-17,1438
17,4,NK,LAS,SEA,4,13,867
11,5,B6,LGB,AUS,5,32,1226
8,2,WN,MCI,SAN,5,-4,1334
20,7,WN,MDW,HOU,5,-2,937
27,7,WN,DEN,RDU,5,-1,1436
10,4,WN,MDW,OAK,5,-5,1844
8,2,WN,DEN,MDW,5,-3,895
14,1,UA,LAS,SFO,5,-5,414
6,7,B6,MCO,SJU,5,25,1189
15,2,OO,SBP,LAX,5,10,156
18,5,WN,MKE,PHX,5,2,1460
31,4,AS,LAX,EWR,5,23,2454
4,5,F9,DEN,ORD,5,6,888
22,2,AA,CLT,BWI,5,-2,361
27,7,WN,RSW,BWI,5,2,919
15,2,WN,SLC,BUR,5,20,574
14,1,DL,MIA,ATL,5,0,594
15,2,WN,AUS,DAL,5,13,189
14,1,WN,LAS,BDL,5,-12,2297
8,2,WN,RDU,BWI,5,-2,255
12,6,AA,CLT,PIT,5,3,366
15,2,WN,PHX,LAX,6,-9,370
28,1,G4,SJU,SFB,6,-2,1198
19,6,DL,LAX,BOS,6,11,2611
1,2,DL,SEA,LAX,6,-13,954
18,5,WN,STL,DAL,6,-1,546
12,6,AA,MIA,DCA,6,-8,919
22,2,OO,ALB,DTW,6,6,489
22,2,WN,MCO,ISP,6,-7,971
31,4,WN,OAK,MDW,6,3,1844
22,2,OO,MSP,BIS,6,9,386
1,2,AA,PHL,PVD,6,-17,237
21,1,WN,BUF,MDW,6,5,468
20,7,F9,CHS,DEN,6,-9,1449
7,1,9E,LGA,SYR,6,-6,198
30,3,WN,HOU,SAT,7,-2,192
10,4,WN,SJC,SAN,7,-1,417
2,3,9E,ATL,CHA,7,2,106
18,5,OH,CLT,CAE,7,-4,88
8,2,EV,EWR,SYR,7,-13,195
20,7,WN,LGB,OAK,7,-5,353
6,7,AS,SEA,BOS,7,10,2496
22,2,UA,IAH,ORD,7,6,925
21,1,WN,PHX,PHL,8,2,2075
31,4,WN,DEN,FLL,8,11,1703
31,4,DL,SFO,JFK,8,32,2586
21,1,WN,TPA,BDL,8,-1,1111
15,2,WN,MDW,OAK,8,-5,1844
26,6,WN,DEN,MSY,8,-4,1062
17,4,AA,DFW,ATL,8,17,731
26,6,WN,LAX,LAS,8,-7,236
26,6,OH,CLT,CVG,8,17,335
17,4,WN,PHX,DEN,8,-12,602
12,6,OO,SLC,RNO,8,8,422
15,2,WN,MCI,MCO,8,1,1072
18,5,AA,ORD,BOS,8,3,867
21,1,NK,SAN,DTW,8,4,1956
2,3,UA,EWR,RDU,8,6,416
23,3,YV,IAH,HRL,9,15,295
31,4,WN,MCO,BHM,9,4,479
11,5,WN,SAT,DAL,9,5,248
28,1,AS,MCI,SEA,9,-1,1489
10,4,DL,DTW,MSN,9,9,311
21,1,WN,HOU,PDX,9,-13,1843
9,3,YV,PHX,BUR,9,14,369
23,3,OO,SLC,RAP,9,6,508
5,6,WN,DAL,ELP,9,1,562
31,4,WN,MDW,BNA,9,5,395
13,7,YX,LGA,SDF,10,18,659
17,4,AA,CLT,EWR,10,16,529
18,5,DL,DSM,ATL,10,21,743
10,4,DL,ATL,FLL,10,6,581
7,1,AA,PHX,DTW,10,6,1671
30,3,WN,TPA,HOU,10,-7,781
5,6,AS,LAS,SEA,10,-23,867
21,1,9E,PIT,JFK,11,13,340
29,2,YX,DCA,MEM,11,-12,762
4,5,AS,SAN,SFO,11,12,447
26,6,AS,ANC,ADQ,11,8,253
12,6,DL,JFK,SLC,11,28,1990
15,2,WN,ORF,BWI,11,2,159
16,3,DL,ATL,MIA,11,24,594
8,2,WN,ELP,HOU,11,7,677
24,4,EV,CLE,LGA,11,2,419
31,4,DL,ATL,LAS,11,7,1747
24,4,UA,DEN,ORD,11,7,888
23,3,AS,DEN,SFO,11,23,967
9,3,WN,MKE,BOS,11,12,860
23,3,WN,ATL,MDW,12,0,591
29,2,G4,ABE,PIE,12,5,970
14,1,DL,SLC,OAK,12,2,588
23,3,9E,ATL,VLD,12,11,208
6,7,AS,PDX,PHX,12,12,1009
23,3,WN,DAL,SAT,12,2,248
12,6,OO,AEX,ATL,12,11,500
31,4,WN,LAS,SNA,12,6,226
30,3,DL,ATL,LGA,13,-3,762
18,5,DL,ATL,MDW,13,-10,591
10,4,WN,SJC,BUR,13,12,296
19,6,WN,SMF,ONT,13,9,390
1,2,NK,LAX,PIT,13,3,2136
17,4,OO,SLC,LGB,13,9,588
9,3,WN,OAK,ONT,13,3,362
14,1,AA,PHL,LAX,13,-2,2402
9,3,DL,SLC,GEG,14,2,546
16,3,AA,ORD,SMF,14,12,1781
2,3,AA,DFW,LGA,14,-5,1389
18,5,9E,SDF,LGA,14,19,659
30,3,WN,TPA,HOU,14,-5,781
25,5,EV,CLE,EWR,14,18,404
12,6,9E,DTW,MHT,14,8,610
17,4,WN,DEN,PHL,14,7,1558
13,7,AA,RSW,CLT,14,-5,600
22,2,NK,MCO,BDL,14,16,1050
12,6,AA,JFK,CLT,15,6,541
3,4,OH,CAE,DCA,15,17,408
30,3,DL,BDL,DTW,15,-4,549
11,5,WN,DAL,MSY,15,7,436
31,4,9E,DTW,TYS,15,1,443
18,5,YX,PHL,IND,15,6,588
22,2,AA,CLT,DCA,16,27,331
29,2,MQ,DCA,LIT,16,4,888
22,2,WN,JAX,BNA,16,8,483
2,3,WN,DEN,LGA,16,9,1620
18,5,WN,STL,DEN,16,24,770
25,5,WN,LAS,FLL,16,1,2173
19,6,OH,GSP,CLT,16,-5,75
27,7,AS,ANC,FAI,16,14,261
10,4,DL,ATL,SFO,16,3,2139
26,6,OH,CLT,SAV,16,8,213
7,1,UA,MDT,ORD,16,10,594
27,7,AA,DFW,OMA,16,6,583
30,3,WN,ATL,JAX,16,24,270
17,4,YV,IAD,IND,17,4,476
3,4,B6,BOS,SFO,17,20,2704
22,2,OO,SLC,LAX,17,2,590
6,7,AS,DEN,SEA,17,15,1024
14,1,AA,CLT,SFO,17,-9,2296
10,4,YX,DCA,PIT,17,41,204
4,5,NK,DFW,MCO,17,23,985
20,7,DL,MCO,MSP,17,6,1310
19,6,UA,DEN,BOI,17,6,649
15,2,HA,HNL,OAK,17,11,2409
20,7,UA,SFO,SBA,18,12,262
6,7,DL,MSP,BOS,18,8,1124
20,7,OO,DEN,JAX,18,35,1447
14,1,MQ,CMH,MIA,19,22,990
29,2,AS,STL,SEA,19,40,1709
4,5,WN,DEN,OMA,19,11,472
15,2,DL,SLC,MSY,19,1,1428
17,4,UA,SFO,IAD,19,25,2419
6,7,WN,LAX,SJC,19,31,308
14,1,WN,MCI,PHX,19,17,1044
8,2,WN,MCO,BWI,20,9,787
3,4,WN,DAL,AUS,20,17,189
14,1,AA,MIA,DEN,20,1,1709
24,4,AA,DFW,PHX,20,10,868
24,4,DL,SAN,SEA,20,-5,1050
21,1,AA,CLT,LAS,20,20,1916
23,3,DL,SEA,MSP,21,27,1399
31,4,WN,SNA,OAK,21,21,371
23,3,EV,PIT,LGA,21,19,335
15,2,WN,DCA,MDW,21,4,601
20,7,DL,SLC,DTW,21,43,1481
14,1,WN,BNA,SAT,21,6,822
7,1,B6,EWR,MCO,21,28,937
9,3,WN,LAS,SFO,21,10,414
17,4,YX,PHL,CMH,22,33,406
18,5,WN,PHX,SNA,22,11,338
23,3,MQ,DAY,DFW,22,-1,861
14,1,MQ,DFW,LCH,22,22,295
23,3,WN,HOU,ABQ,23,5,759
12,6,WN,BUR,PHX,23,15,369
3,4,OO,ORD,GRB,23,50,173
3,4,DL,RDU,MSP,23,13,980
1,2,9E,JFK,BOS,23,1,187
23,3,AA,CLT,LGA,23,11,544
25,5,WN,ELP,PHX,23,15,347
11,5,UA,EWR,SEA,23,22,2402
20,7,EV,BWI,EWR,23,14,169
8,2,DL,ATL,SFO,23,-3,2139
28,1,OH,PHL,TYS,23,19,554
16,3,DL,MSP,MEM,24,14,700
25,5,YX,ORF,EWR,24,25,284
12,6,WN,DEN,LGA,24,7,1620
10,4,DL,PHL,MSP,24,28,980
13,7,UA,DEN,ATL,24,22,1199
27,7,AA,IND,DFW,24,6,761
2,3,WN,RNO,LAS,24,14,345
23,3,WN,SFO,DEN,25,16,967
5,6,WN,PDX,SMF,25,23,479
9,3,OO,SFO,SLC,25,22,599
30,3,NK,LAS,CMH,25,15,1771
25,5,DL,MSN,ATL,25,33,707
19,6,UA,MCI,DEN,26,-2,533
20,7,WN,PHX,DEN,26,34,602
15,2,OH,CLT,TYS,27,20,177
14,1,AA,RSW,DFW,27,5,1017
11,5,WN,PHX,MSP,27,13,1276
20,7,DL,BIL,SLC,27,33,387
2,3,WN,MCO,MKE,27,26,1066
15,2,9E,DTW,CLE,27,23,95
21,1,EV,IAH,VPS,28,37,528
16,3,AA,CLT,BNA,28,25,328
29,2,YX,MIA,IAH,28,39,964
28,1,WN,ATL,BWI,28,74,577
18,5,NK,ACY,MCO,28,38,852
11,5,AA,BOS,CLT,28,25,728
4,5,NK,MCO,ACY,28,20,852
7,1,YX,ORD,OKC,29,0,693
31,4,9E,CVG,PHL,29,31,507
17,4,AA,BOS,LGA,29,6,184
30,3,OO,MKE,DTW,29,13,237
11,5,B6,CLT,JFK,29,26,541
30,3,WN,SAT,LAX,29,10,1211
26,6,F9,DEN,MIA,29,43,1709
7,1,EV,ORD,GRR,29,26,137
3,4,G4,PIE,SGF,29,21,895
24,4,YV,PHX,LGB,29,23,355
20,7,OO,SNA,LAS,29,27,226
19,6,UA,MIA,EWR,29,40,1085
9,3,WN,SMF,LAS,29,20,397
23,3,WN,DEN,SMF,30,19,909
11,5,OO,LSE,MSP,30,20,119
26,6,AA,LAX,PHX,31,24,370
21,1,WN,STL,MDW,31,19,251
30,3,AA,FAT,DFW,31,16,1313
10,4,YV,IAH,OKC,32,14,395
16,3,WN,SLC,LAS,32,33,368
21,1,DL,ATL,ORF,32,17,516
11,5,F9,CVG,PHL,32,19,507
9,3,WN,BNA,FLL,32,19,793
2,3,NK,STT,FLL,32,15,1107
25,5,WN,LAS,DEN,32,18,628
9,3,UA,LAX,OGG,32,19,2486
16,3,OH,GSO,DCA,32,21,248
16,3,YX,DCA,ALB,33,35,318
5,6,WN,SMF,LAX,33,20,373
14,1,UA,DFW,IAH,34,17,224
11,5,DL,MSY,ATL,34,54,425
4,5,AA,DFW,SEA,34,42,1660
31,4,DL,ATL,FLL,34,35,581
11,5,AA,DFW,LAS,34,27,1055
28,1,B6,SJU,FLL,34,24,1046
29,2,WN,LAS,DAL,34,19,1067
31,4,B6,BOS,LGA,35,39,184
30,3,YV,ICT,DFW,35,28,328
3,4,MQ,CHO,CLT,35,16,245
4,5,YV,DTW,IAD,35,37,383
31,4,B6,JFK,RSW,35,9,1074
22,2,B6,FLL,JFK,35,43,1069
17,4,MQ,DFW,LEX,36,22,785
27,7,AA,CLT,BDL,36,41,644
31,4,WN,SAT,LAS,37,27,1069
13,7,MQ,OKC,ORD,37,41,693
12,6,EV,EWR,RIC,37,33,277
24,4,OO,ORD,MBS,38,26,222
18,5,B6,RSW,BOS,38,17,1249
30,3,WN,PHX,ABQ,39,28,328
1,2,AA,DFW,RIC,39,49,1158
25,5,AA,CLT,MSY,39,31,651
21,1,WN,DAL,SJC,40,20,1450
2,3,B6,BOS,SAV,40,48,901
28,1,WN,SLC,DEN,40,36,391
11,5,WN,OAK,LAX,40,37,337
2,3,WN,MCI,MDW,41,35,405
11,5,OO,ORD,SBN,41,57,84
25,5,WN,MDW,FNT,41,33,221
21,1,DL,STL,SLC,42,24,1156
26,6,UA,IAH,LAS,42,26,1222
17,4,UA,FLL,EWR,42,35,1065
1,2,WN,DAL,ATL,43,29,721
3,4,AA,DFW,SAN,43,37,1171
21,1,WN,SMF,SAN,43,47,480
7,1,WN,FLL,MSY,43,45,674
22,2,AA,DFW,SFO,43,60,1464
21,1,WN,BWI,DTW,43,28,409
29,2,AA,CLT,STL,44,47,575
25,5,AS,SFO,PDX,45,50,550
9,3,OO,ORD,SBN,46,67,84
14,1,WN,ATL,MSP,46,33,907
22,2,DL,SLC,DEN,47,32,391
30,3,WN,TPA,BWI,47,35,842
18,5,UA,ORD,CVG,47,51,264
1,2,DL,ORD,ATL,48,29,606
1,2,WN,LAS,BWI,49,64,2106
10,4,9E,SYR,LGA,49,44,198
17,4,AA,CLT,CLE,50,46,430
20,7,B6,RDU,FLL,50,67,680
16,3,OH,CMH,LGA,50,34,479
14,1,UA,ORD,SFO,52,62,1846
17,4,B6,BOS,RSW,52,77,1249
12,6,WN,MDW,LAS,53,37,1521
8,2,F9,DEN,SNA,54,43,846
27,7,YV,ATL,IAD,54,53,534
21,1,MQ,SGF,ORD,54,52,438
6,7,NK,TPA,ACY,55,36,913
10,4,WN,MDW,RSW,55,43,1105
25,5,AS,IND,SFO,55,41,1943
4,5,OH,CLT,DAY,55,38,370
4,5,UA,EWR,ROC,56,44,246
18,5,AS,SAN,SFO,57,60,447
21,1,OO,ORD,STL,57,62,258
3,4,AA,PHL,LAX,57,32,2402
15,2,WN,SFO,MDW,57,53,1855
27,7,9E,PBI,JFK,58,33,1028
8,2,OH,CLT,ORF,58,59,290
7,1,B6,FLL,ORD,58,35,1182
30,3,WN,OKC,MDW,58,67,691
19,6,OH,DCA,BDL,60,55,313
4,5,AA,ORD,LAS,62,46,1514
16,3,AS,LAS,LAX,62,39,236
18,5,WN,MDW,CHS,62,51,745
14,1,MQ,BOI,ORD,63,87,1437
27,7,NK,EWR,FLL,63,70,1065
17,4,AS,SFO,JFK,63,73,2586
21,1,UA,SLC,ORD,64,51,1250
29,2,UA,BNA,DEN,65,93,1014
31,4,AS,SEA,EWR,65,70,2402
19,6,EV,EWR,CMH,66,63,463
21,1,UA,AUS,DEN,66,51,775
18,5,DL,MSY,ATL,67,63,425
16,3,OH,CLT,GSP,67,67,75
20,7,WN,ATL,LAX,67,44,1947
19,6,YV,IAH,MEM,68,52,468
22,2,WN,GRR,BWI,69,67,528
21,1,UA,IAH,EWR,69,66,1400
28,1,F9,CVG,LGA,70,51,585
23,3,DL,DTW,LAS,70,39,1749
19,6,WN,SFO,SNA,70,63,372
21,1,UA,CHS,ORD,71,92,760
25,5,OO,ORD,UIN,71,69,222
31,4,WN,LBB,DAL,72,68,293
21,1,OO,GRB,ORD,73,104,173
9,3,WN,BNA,DAL,73,56,623
25,5,DL,BNA,ATL,73,72,214
21,1,MQ,MLI,ORD,73,70,139
29,2,YX,DCA,HSV,75,58,613
14,1,MQ,ORD,BUF,77,79,474
3,4,B6,MCO,BOS,77,66,1121
16,3,B6,MCO,HPN,78,73,972
3,4,WN,LAS,ONT,78,72,197
16,3,NK,LAS,MSP,83,69,1299
26,6,UA,IAH,DEN,85,59,862
5,6,B6,SLC,BOS,86,70,2105
21,1,OO,CVG,MKE,87,86,318
20,7,WN,HOU,PHX,88,85,1020
14,1,9E,LGA,PIT,91,73,335
22,2,B6,BOS,LAS,91,92,2381
4,5,WN,ABQ,BWI,92,72,1670
31,4,WN,BWI,ATL,93,77,577
8,2,B6,ORH,JFK,93,90,150
10,4,AA,MIA,LGA,94,89,1096
16,3,OH,CAK,PHL,95,100,335
30,3,AS,EWR,SFO,95,113,2565
31,4,OH,CLT,GSP,96,105,75
16,3,OO,ATL,FWA,99,80,508
4,5,NK,LAX,IAH,103,77,1379
16,3,OH,GSP,CLT,103,NA,75
13,7,WN,HOU,DAL,103,140,239
22,2,WN,TPA,MSY,105,98,488
15,2,WN,STL,DAL,106,93,546
23,3,EV,ORD,RIC,107,89,642
31,4,UA,SEA,ORD,107,87,1721
20,7,MQ,MEM,DFW,107,NA,431
22,2,AA,DFW,DCA,111,153,1192
3,4,AA,DSM,DFW,112,123,624
3,4,WN,DAL,MAF,112,117,319
14,1,UA,ORD,LAX,116,113,1744
24,4,OO,MSP,ATW,118,113,236
16,3,UA,ORD,PHL,120,107,678
27,7,UA,IAH,DTW,120,99,1075
2,3,OO,SLN,ORD,121,NA,559
14,1,OO,ORD,HSV,121,140,510
18,5,B6,SFO,LGB,128,119,354
1,2,WN,DEN,SAT,128,145,794
27,7,B6,EWR,PBI,129,133,1023
23,3,YX,MSP,MIA,134,126,1501
28,1,DL,DEN,SEA,134,124,1024
16,3,YX,LGA,CMH,137,102,479
17,4,WN,DCA,MCO,137,126,759
31,4,OO,ORD,GRB,142,128,173
7,1,EV,CLT,CHA,146,172,241
5,6,MQ,HTS,CLT,152,146,235
31,4,OH,CLT,SDF,154,157,335
3,4,UA,EWR,MSY,154,136,1167
31,4,WN,BWI,IND,164,156,516
25,5,OO,BUR,SFO,167,173,326
30,3,WN,LGA,ATL,172,140,762
3,4,AA,DFW,EWR,179,216,1372
30,3,UA,ORD,BOS,181,175,867
27,7,WN,DEN,ATL,183,182,1199
9,3,AA,PHX,MKE,187,190,1460
19,6,AA,DFW,ATL,197,192,731
30,3,AA,ORD,SFO,197,167,1846
6,7,AA,DCA,BOS,200,179,399
16,3,OH,CLT,TYS,201,246,177
6,7,AA,LAX,PHL,205,184,2402
15,2,OO,LAX,SLC,209,220,590
18,5,B6,LGB,SFO,220,217,354
17,4,OO,ORD,LGA,232,233,733
3,4,UA,EWR,RDU,245,223,416
20,7,WN,ATL,MCO,269,262,404
28,1,G4,LEX,SAV,275,277,451
26,6,UA,BWI,SFO,288,254,2457
9,3,AA,ORD,MCO,322,320,1005
3,4,UA,ORD,SFO,366,403,1846
4,5,OO,RAP,MSP,370,360,489
11,5,OH,PHL,MSN,396,392,764
25,5,F9,CLE,MCO,574,551,895
2,3,MQ,DSM,ORD,776,773,299
15,2,YV,PIT,IAD,912,911,182
