Rank,Title, Gross ,Theaters, Opening ,Weeks
1,Black Panther,700.03,"4,084",202.00,25
2,Avengers: Infinity War,678.15,"4,474",257.70,15
3,Incredibles 2,584.94,"4,410",182.69,8
4,Jurassic World: Fallen Kingdom,406.86,"4,485",148.02,7
5,Deadpool 2,318.08,"4,349",125.51,12
6,Solo: A Star Wars Story,213.09,"4,381",84.42,11
7,Ant-Man and the Wasp,197.84,"4,206",75.81,5
8,A Quiet Place,188.02,"3,808",50.20,17
9,Hotel Transylvania 3: Summer Vacation,139.40,"4,267",44.08,4
10,Ocean's 8,138.13,"4,145",41.61,9
11,Ready Player One,137.02,"4,234",41.76,14
12,Mission: Impossible - Fallout,134.94,"4,395",61.24,2
13,Peter Rabbit,115.25,"3,725",25.01,18
14,A Wrinkle in Time,100.48,"3,980",33.12,17
15,Fifty Shades Freed,100.41,"3,768",38.56,8
16,Rampage (2018),99.35,"4,115",35.75,15
17,Mamma Mia! Here We Go Again,94.98,"3,514",34.95,3
18,I Can Only Imagine,83.48,"2,894",17.11,17
19,The Equalizer 2,82.34,"3,388",36.01,3
20,Game Night,69.00,"3,502",17.01,17
21,Book Club,68.55,"3,169",13.58,12
22,The First Purge,68.03,"3,038",17.37,5
23,Insidious: The Last Key,67.56,"3,150",29.58,12
24,Skyscraper,65.15,"3,822",24.91,4
25,Blockers,60.15,"3,418",20.56,17
26,Pacific Rim Uprising,59.59,"3,708",28.12,18
27,Maze Runner: The Death Cure,58.03,"3,793",24.17,14
28,Tomb Raider,57.42,"3,854",23.63,11
29,Tag,53.98,"3,382",14.95,8
30,Life of the Party,52.86,"3,656",17.89,12
31,Overboard (2018),50.32,"2,006",14.71,9
32,Sicario: Day of the Soldado,49.52,"3,055",19.01,6
33,I Feel Pretty,48.80,"3,440",16.03,9
34,Red Sparrow,46.87,"3,064",16.85,23
35,Breaking In (2018),46.54,"2,537",17.63,12
36,12 Strong,45.50,"3,018",15.82,10
37,Den of Thieves,44.95,"2,432",15.21,9
38,Hereditary,43.92,"2,998",13.58,9
39,Tyler Perry's Acrimony,43.55,"2,006",17.17,10
40,Sherlock Gnomes,43.24,"3,662",10.60,12
41,Uncle Drew,41.93,"2,742",15.24,6
42,Truth or Dare,41.25,"3,068",18.67,15
43,"Love, Simon",40.83,"2,434",11.76,13
44,Paddington 2,40.44,"3,702",11.00,9
45,The Commuter,36.34,"2,892",13.70,9
46,The 15:17 to Paris,36.25,"3,042",12.55,9
47,Death Wish (2018),34.02,"2,882",13.01,13
48,Annihilation,32.73,"2,112",11.07,8
49,Disney's Christopher Robin,32.17,"3,602",24.59,1
50,Isle Of Dogs,31.98,"1,947",1.62,20
51,Adrift,31.45,"3,015",11.60,9
52,Super Troopers 2,30.62,"2,125",15.18,12
53,Winchester,25.09,"2,480",9.31,8
54,Strangers: Prey at Night,24.59,"2,464",10.40,12
55,Teen Titans Go! To The Movies,22.56,"3,188",10.41,2
56,Won't You Be My Neighbor?,21.19,893,0.48,9
57,Proud Mary,20.88,"2,125",9.96,8
58,Superfly,20.54,"2,220",6.87,8
59,Show Dogs,17.74,"3,212",6.02,10
60,"Paul, Apostle of Christ",17.56,"1,473",5.17,9
61,Chappaquiddick,17.40,"1,645",5.77,18
62,Forever My Girl,16.38,"1,427",4.25,16
63,The Spy Who Dumped Me,15.48,"3,111",12.10,1
64,Sorry to Bother You,15.17,"1,050",0.73,5
65,RBG,13.58,432,0.58,14
66,Upgrade,11.92,"1,458",4.67,9
67,Padmaavat,11.85,354,4.49,4
68,The Miracle Season,10.23,"1,707",3.95,13
69,Midnight Sun,9.56,"2,173",4.00,20
70,Tully (2018),9.33,"1,356",3.28,9
71,Traffik,9.19,"1,046",3.94,6
72,Unfriended: Dark Web,8.71,"1,547",3.65,3
73,Three Identical Strangers,8.43,433,0.17,6
74,Early Man,8.27,"2,494",3.19,6
75,The Death of Stalin,8.04,548,0.18,22
76,Sanju,7.89,359,2.72,6
77,Unsane,7.73,"2,023",3.76,3
78,The Darkest Minds,7.71,"3,127",5.84,1
79,Eighth Grade,7.56,"1,084",0.26,4
80,Hotel Artemis,6.71,"2,407",3.23,6
81,The Hurricane Heist,6.12,"2,402",3.02,9
82,Every Day (2018),6.10,"1,669",3.02,4
83,God's Not Dead: A Light in Darkness,5.73,"1,693",2.69,11
84,Leave No Trace,5.29,361,0.22,6
85,Action Point,5.06,"2,032",2.39,2
86,Beirut,5.02,755,1.73,9
87,Gringo,4.97,"2,404",2.72,4
88,Samson,4.72,"1,249",1.94,8
89,Gotti,4.34,503,1.72,8
90,The Oscar Nominated Short Films 2018,3.51,272,0.70,6
91,Disobedience,3.48,247,0.24,11
92,First Reformed,3.45,334,0.10,12
93,Bad Samaritan,3.44,"2,007",1.73,3
94,Blindspotting,3.41,523,0.34,3
95,7 Days in Entebbe,3.33,838,1.59,4
96,Sgt. Stubby: An American Hero,3.14,"1,633",1.16,17
97,Death of a Nation,3.02,"1,005",2.36,1
98,Thoroughbreds,2.98,564,1.22,7
99,Whitney,2.95,451,1.27,5
100,Pandas,2.89,35,0.16,18
